label,x0,y0,z0,x1,y1,z1,x2,y2,z2,x3,y3,z3,x4,y4,z4,x5,y5,z5,x6,y6,z6,x7,y7,z7,x8,y8,z8,x9,y9,z9,x10,y10,z10,x11,y11,z11,x12,y12,z12,x13,y13,z13,x14,y14,z14,x15,y15,z15,x16,y16,z16,x17,y17,z17,x18,y18,z18,x19,y19,z19,x20,y20,z20
YES,0.0,0.0,0.0,-0.161857,-0.223272,-0.069838,-0.29217,-0.480866,-0.133779,-0.404043,-0.65094,-0.195698,-0.510622,-0.793106,-0.257423,0.02994,-0.64645,-0.140074,0.031909,-0.834012,-0.248384,-0.035494,-0.891369,-0.3273,-0.10878,-0.918288,-0.380675,0.089176,-0.539044,-0.16032,-0.08399,-0.622299,-0.265881,-0.24839,-0.617316,-0.323524,-0.36605,-0.592707,-0.368006,0.107628,-0.376622,-0.18878,-0.077548,-0.445333,-0.301285,-0.227013,-0.461304,-0.334323,-0.338562,-0.44466,-0.348553,0.110058,-0.204327,-0.219814,-0.041614,-0.302782,-0.326435,-0.159783,-0.348011,-0.355703,-0.256365,-0.367607,-0.363834
YES,0.0,0.0,0.0,-0.141562,-0.097765,-0.064441,-0.25523,-0.265945,-0.104443,-0.321099,-0.411601,-0.137615,-0.391844,-0.503537,-0.171097,-0.139795,-0.48855,-0.067543,-0.154533,-0.681757,-0.122556,-0.162807,-0.818476,-0.170053,-0.169287,-0.931935,-0.204381,-0.056996,-0.506997,-0.073423,-0.039124,-0.721235,-0.122415,-0.033669,-0.86489,-0.160569,-0.025531,-0.982068,-0.186792,0.012389,-0.48497,-0.087335,0.025538,-0.686084,-0.134601,0.034698,-0.817006,-0.15994,0.046932,-0.920306,-0.176207,0.071532,-0.428563,-0.107409,0.091842,-0.576367,-0.142312,0.101043,-0.668585,-0.149669,0.111627,-0.747212,-0.15357
YES,0.0,0.0,0.0,-0.126458,-0.164109,-0.030825,-0.225067,-0.33757,-0.049785,-0.288119,-0.468351,-0.07438,-0.349508,-0.563013,-0.100102,-0.106971,-0.596156,0.020857,-0.138293,-0.768061,-0.014342,-0.152021,-0.866748,-0.058095,-0.155963,-0.96191,-0.09222,-0.015198,-0.609985,0.001675,-0.013214,-0.814768,-0.020073,-0.011799,-0.917645,-0.048899,-0.008276,-0.997285,-0.073175,0.066883,-0.576212,-0.029266,0.069799,-0.773701,-0.053072,0.069033,-0.881295,-0.066306,0.065716,-0.96563,-0.077686,0.140739,-0.503015,-0.066937,0.169087,-0.647071,-0.081199,0.186714,-0.73313,-0.079622,0.197081,-0.812857,-0.080467
YES,0.0,0.0,0.0,-0.142959,-0.112305,-0.036481,-0.257417,-0.265535,-0.052584,-0.326095,-0.409436,-0.072579,-0.392371,-0.506362,-0.09204,-0.164509,-0.548237,0.019373,-0.199785,-0.734901,-0.007527,-0.211979,-0.839264,-0.042334,-0.216541,-0.93528,-0.069865,-0.073824,-0.582586,0.009721,-0.075492,-0.796974,-0.004418,-0.072747,-0.909436,-0.026515,-0.070318,-0.996428,-0.04677,0.011047,-0.569225,-0.011827,0.018083,-0.759044,-0.028044,0.018571,-0.86358,-0.042391,0.015212,-0.94667,-0.054342,0.09277,-0.518834,-0.040603,0.116571,-0.66297,-0.048594,0.126315,-0.752549,-0.049691,0.133647,-0.834231,-0.052587
YES,0.0,0.0,0.0,-0.149641,-0.09546,-0.057344,-0.267604,-0.231795,-0.093283,-0.341917,-0.36393,-0.127309,-0.403711,-0.463968,-0.160207,-0.160563,-0.517604,-0.037694,-0.199788,-0.711242,-0.076945,-0.215704,-0.829632,-0.115933,-0.223769,-0.935758,-0.145819,-0.067363,-0.544077,-0.042275,-0.064027,-0.751498,-0.069511,-0.059535,-0.882223,-0.098797,-0.053416,-0.99091,-0.123467,0.018909,-0.51796,-0.0569,0.032647,-0.712191,-0.084056,0.040149,-0.832073,-0.111169,0.044707,-0.93269,-0.132085,0.099375,-0.458983,-0.078504,0.133276,-0.610985,-0.100728,0.14916,-0.71077,-0.114756,0.16244,-0.803231,-0.125602
YES,0.0,0.0,0.0,-0.152894,-0.073923,-0.085,-0.267862,-0.211187,-0.145925,-0.347418,-0.34669,-0.199197,-0.426178,-0.455696,-0.254145,-0.140419,-0.447136,-0.112592,-0.16337,-0.651176,-0.179618,-0.174578,-0.784085,-0.231495,-0.176385,-0.904333,-0.268572,-0.035571,-0.463743,-0.113005,-0.02232,-0.687229,-0.16773,-0.013372,-0.836167,-0.210032,-0.000193,-0.970207,-0.242278,0.058042,-0.431107,-0.121734,0.083894,-0.644214,-0.172657,0.102133,-0.77515,-0.20738,0.115931,-0.892956,-0.231694,0.141457,-0.366019,-0.137411,0.184056,-0.530081,-0.181395,0.208377,-0.634103,-0.201674,0.225931,-0.729701,-0.214764
YES,0.0,0.0,0.0,-0.162118,-0.079005,-0.083536,-0.287653,-0.236042,-0.136109,-0.372925,-0.381547,-0.181926,-0.464145,-0.485378,-0.229694,-0.146937,-0.482895,-0.089566,-0.171346,-0.660807,-0.142626,-0.178585,-0.774581,-0.188646,-0.17393,-0.890914,-0.226708,-0.032763,-0.500991,-0.091849,-0.012916,-0.711711,-0.136127,0.002068,-0.845607,-0.176367,0.024232,-0.977108,-0.211357,0.065984,-0.459661,-0.103271,0.101931,-0.656034,-0.15119,0.123799,-0.779627,-0.186822,0.143054,-0.903726,-0.215206,0.152263,-0.378525,-0.122203,0.205383,-0.51447,-0.164552,0.24015,-0.603177,-0.185674,0.269195,-0.695442,-0.2032
YES,0.0,0.0,0.0,-0.155069,-0.07815,-0.077481,-0.276314,-0.23292,-0.126772,-0.358517,-0.374212,-0.170168,-0.444724,-0.476189,-0.215847,-0.142256,-0.480873,-0.085715,-0.16366,-0.659369,-0.13831,-0.170706,-0.777506,-0.183651,-0.167462,-0.893123,-0.220639,-0.030743,-0.49908,-0.090008,-0.006737,-0.715585,-0.131662,0.008561,-0.850681,-0.168715,0.027761,-0.979187,-0.201052,0.065955,-0.457874,-0.102999,0.102449,-0.658075,-0.147625,0.124103,-0.780816,-0.179187,0.141497,-0.901939,-0.204882,0.150913,-0.376527,-0.123234,0.203379,-0.513231,-0.163275,0.236175,-0.602443,-0.18164,0.262182,-0.69483,-0.196852
YES,0.0,0.0,0.0,-0.146948,-0.079255,-0.068926,-0.261486,-0.219887,-0.114388,-0.336604,-0.355289,-0.155055,-0.406302,-0.456086,-0.196707,-0.143722,-0.477069,-0.076673,-0.172876,-0.669456,-0.128768,-0.18438,-0.79325,-0.172875,-0.185551,-0.906257,-0.206235,-0.046963,-0.49937,-0.079331,-0.033643,-0.717176,-0.119481,-0.024122,-0.85905,-0.153776,-0.010647,-0.983312,-0.181616,0.041086,-0.466607,-0.090482,0.064131,-0.669288,-0.128702,0.078564,-0.795125,-0.158908,0.089683,-0.907001,-0.181805,0.119859,-0.39714,-0.108442,0.162132,-0.543832,-0.141268,0.185292,-0.638915,-0.158649,0.202711,-0.728802,-0.171593
YES,0.0,0.0,0.0,-0.156152,-0.094729,-0.044313,-0.271095,-0.245774,-0.068543,-0.33352,-0.382499,-0.093039,-0.395452,-0.477658,-0.118469,-0.158876,-0.505026,-0.02443,-0.196925,-0.694286,-0.059772,-0.210786,-0.813744,-0.095643,-0.216095,-0.923191,-0.124672,-0.06591,-0.529342,-0.035006,-0.062397,-0.741638,-0.064447,-0.055863,-0.876454,-0.096298,-0.046322,-0.991369,-0.122643,0.019444,-0.50365,-0.054296,0.030335,-0.698609,-0.084721,0.036771,-0.826292,-0.115007,0.041216,-0.936442,-0.13799,0.098807,-0.44309,-0.079048,0.125689,-0.593816,-0.103338,0.138489,-0.69753,-0.119023,0.150143,-0.793175,-0.131831
YES,0.0,0.0,0.0,-0.155298,-0.092203,-0.046459,-0.273634,-0.240439,-0.072421,-0.337941,-0.378919,-0.098698,-0.399323,-0.475857,-0.125445,-0.170116,-0.509286,-0.025005,-0.207214,-0.697348,-0.061147,-0.221393,-0.815759,-0.097667,-0.22889,-0.923197,-0.126906,-0.077343,-0.534848,-0.03501,-0.074663,-0.746944,-0.064188,-0.068049,-0.880614,-0.0944,-0.060228,-0.990973,-0.119768,0.00914,-0.510173,-0.054417,0.017693,-0.704209,-0.084447,0.023452,-0.828643,-0.112281,0.026665,-0.932493,-0.133575,0.090943,-0.450228,-0.079856,0.115699,-0.6042,-0.103002,0.128216,-0.707053,-0.116979,0.140065,-0.799701,-0.128773
YES,0.0,0.0,0.0,-0.153598,-0.086254,-0.04971,-0.273194,-0.230962,-0.076362,-0.34151,-0.366165,-0.103096,-0.404653,-0.463542,-0.130532,-0.172895,-0.503399,-0.024926,-0.212243,-0.690548,-0.062153,-0.227355,-0.810451,-0.10001,-0.234436,-0.920683,-0.13035,-0.079347,-0.531185,-0.033649,-0.080571,-0.74266,-0.063716,-0.07744,-0.875706,-0.096071,-0.070562,-0.989846,-0.123393,0.007663,-0.508955,-0.052106,0.014079,-0.700315,-0.083127,0.016738,-0.824992,-0.112476,0.01758,-0.932814,-0.135115,0.089557,-0.451612,-0.076909,0.113009,-0.603382,-0.100556,0.124039,-0.705055,-0.115239,0.133692,-0.798684,-0.127945
YES,0.0,0.0,0.0,-0.154846,-0.073309,-0.060348,-0.270066,-0.203748,-0.103558,-0.344304,-0.330602,-0.143646,-0.414523,-0.429691,-0.185186,-0.161669,-0.462504,-0.071084,-0.199514,-0.656966,-0.122182,-0.218424,-0.777595,-0.164628,-0.22759,-0.88895,-0.195787,-0.069878,-0.486404,-0.07726,-0.070362,-0.706649,-0.118638,-0.069966,-0.852839,-0.154728,-0.063503,-0.981091,-0.182834,0.016391,-0.458945,-0.091109,0.024365,-0.665252,-0.131383,0.026736,-0.798634,-0.16679,0.028548,-0.91221,-0.192061,0.097317,-0.3997,-0.110435,0.129636,-0.556258,-0.145066,0.144939,-0.658151,-0.166092,0.155205,-0.75045,-0.180958
YES,0.0,0.0,0.0,-0.148658,-0.074794,-0.066848,-0.264695,-0.219851,-0.116153,-0.346346,-0.346002,-0.161977,-0.430196,-0.444646,-0.210631,-0.154085,-0.462384,-0.08459,-0.1855,-0.641626,-0.1444,-0.203956,-0.755329,-0.193127,-0.213111,-0.866081,-0.229944,-0.049968,-0.482193,-0.094974,-0.041846,-0.697929,-0.144446,-0.038067,-0.84082,-0.186295,-0.029739,-0.975146,-0.219559,0.044483,-0.443928,-0.113046,0.064015,-0.648394,-0.163761,0.072519,-0.772056,-0.198513,0.077563,-0.891476,-0.223951,0.128701,-0.366185,-0.136637,0.167333,-0.510953,-0.180199,0.187584,-0.60037,-0.198467,0.200566,-0.688461,-0.211733
YES,0.0,0.0,0.0,-0.177778,-0.068596,-0.084248,-0.325991,-0.223968,-0.144672,-0.442454,-0.358217,-0.199646,-0.555456,-0.465606,-0.257228,-0.192404,-0.472988,-0.10384,-0.224922,-0.643165,-0.172656,-0.249615,-0.74011,-0.228376,-0.270278,-0.837433,-0.270469,-0.06524,-0.493663,-0.111836,-0.054164,-0.707382,-0.165139,-0.048066,-0.83858,-0.213587,-0.037257,-0.96613,-0.255352,0.050875,-0.44564,-0.129401,0.06755,-0.62436,-0.193125,0.085685,-0.732929,-0.238815,0.101194,-0.842786,-0.27328,0.153291,-0.355964,-0.15317,0.19987,-0.479355,-0.210832,0.237023,-0.540319,-0.23709,0.267044,-0.601805,-0.257483
YES,0.0,0.0,0.0,-0.188291,-0.071063,-0.08662,-0.343917,-0.224668,-0.147907,-0.463859,-0.359617,-0.203857,-0.580637,-0.467233,-0.262354,-0.206876,-0.479416,-0.102831,-0.242108,-0.649531,-0.168071,-0.265819,-0.747418,-0.22189,-0.285811,-0.846324,-0.263113,-0.074027,-0.500883,-0.109055,-0.064859,-0.710904,-0.157119,-0.05896,-0.83998,-0.202628,-0.047826,-0.968637,-0.243833,0.046036,-0.453522,-0.125044,0.062627,-0.634114,-0.183063,0.081246,-0.740021,-0.225669,0.097263,-0.848813,-0.259484,0.149144,-0.364161,-0.147981,0.198031,-0.486287,-0.201881,0.238088,-0.542726,-0.225994,0.271563,-0.600197,-0.245395
YES,0.0,0.0,0.0,-0.171562,-0.07357,-0.075552,-0.309698,-0.231174,-0.13217,-0.420514,-0.360172,-0.184335,-0.526319,-0.455727,-0.23993,-0.182842,-0.461635,-0.10378,-0.215962,-0.636993,-0.16852,-0.238838,-0.744777,-0.220868,-0.253819,-0.852981,-0.261226,-0.063055,-0.48162,-0.114251,-0.053112,-0.696611,-0.165975,-0.047244,-0.83781,-0.210408,-0.03535,-0.968017,-0.248381,0.046698,-0.438542,-0.132577,0.066966,-0.648395,-0.190906,0.080913,-0.771319,-0.231833,0.090058,-0.887677,-0.263351,0.144584,-0.353463,-0.156455,0.194127,-0.489061,-0.210781,0.224796,-0.56501,-0.234739,0.244141,-0.635178,-0.253002
YES,0.0,0.0,0.0,-0.153341,-0.072984,-0.080811,-0.275336,-0.208951,-0.140248,-0.363724,-0.339264,-0.193632,-0.44482,-0.445534,-0.249083,-0.160314,-0.451502,-0.1055,-0.193801,-0.632611,-0.173533,-0.212609,-0.753299,-0.227895,-0.220946,-0.866766,-0.267555,-0.057805,-0.476601,-0.108225,-0.05374,-0.691215,-0.162603,-0.052898,-0.837673,-0.205256,-0.046182,-0.970062,-0.238427,0.03735,-0.443887,-0.119473,0.04774,-0.650654,-0.170958,0.053933,-0.781799,-0.20632,0.058894,-0.899454,-0.232061,0.122493,-0.370732,-0.13774,0.157876,-0.516417,-0.182245,0.17512,-0.60909,-0.202925,0.185218,-0.694087,-0.217268
YES,0.0,0.0,0.0,-0.148577,-0.074724,-0.062961,-0.265596,-0.201607,-0.107347,-0.342674,-0.32497,-0.148041,-0.41171,-0.424281,-0.189212,-0.168024,-0.472241,-0.072118,-0.210105,-0.663403,-0.123815,-0.228074,-0.78346,-0.166619,-0.235108,-0.893233,-0.198372,-0.075646,-0.499695,-0.077441,-0.076689,-0.714939,-0.119521,-0.076591,-0.855138,-0.153937,-0.072477,-0.980869,-0.180674,0.010976,-0.474499,-0.090786,0.018147,-0.67671,-0.129673,0.020585,-0.803329,-0.159062,0.020897,-0.916909,-0.180341,0.091176,-0.414037,-0.110351,0.116896,-0.568667,-0.142484,0.126681,-0.670467,-0.158828,0.131181,-0.767016,-0.170318
YES,0.0,0.0,0.0,-0.162283,-0.074404,-0.050586,-0.28632,-0.211303,-0.078709,-0.359542,-0.345536,-0.105822,-0.425984,-0.438389,-0.133583,-0.183928,-0.48813,-0.030513,-0.226522,-0.676693,-0.066706,-0.243668,-0.796261,-0.103551,-0.252236,-0.906822,-0.13346,-0.092491,-0.519821,-0.03821,-0.093854,-0.731402,-0.067424,-0.092245,-0.868184,-0.099889,-0.08759,-0.988001,-0.127211,-0.006667,-0.50065,-0.055035,-0.002134,-0.695695,-0.085076,-0.000867,-0.826008,-0.116661,-0.001504,-0.941175,-0.141036,0.07456,-0.446634,-0.077805,0.095099,-0.599112,-0.101869,0.102586,-0.703844,-0.118449,0.108859,-0.802033,-0.132341
YES,0.0,0.0,0.0,-0.160297,-0.07689,-0.048545,-0.285553,-0.212914,-0.075217,-0.3643,-0.346825,-0.101352,-0.430484,-0.440818,-0.127892,-0.188152,-0.490415,-0.026355,-0.233043,-0.681733,-0.061551,-0.251672,-0.800681,-0.097666,-0.260716,-0.90957,-0.126744,-0.097736,-0.527813,-0.03439,-0.103304,-0.740714,-0.061074,-0.101849,-0.875809,-0.090637,-0.097177,-0.988458,-0.116221,-0.011962,-0.514531,-0.051785,-0.008906,-0.707865,-0.07826,-0.010294,-0.831239,-0.106318,-0.013578,-0.938107,-0.128856,0.069411,-0.466243,-0.075386,0.088843,-0.620481,-0.096543,0.095754,-0.723203,-0.110869,0.101591,-0.817357,-0.123348
YES,0.0,0.0,0.0,-0.156485,-0.075994,-0.053058,-0.280496,-0.208207,-0.083642,-0.355437,-0.338672,-0.113397,-0.422165,-0.429137,-0.143631,-0.187896,-0.48648,-0.034334,-0.233303,-0.673039,-0.0744,-0.251781,-0.793265,-0.113538,-0.26201,-0.904081,-0.144346,-0.096006,-0.520675,-0.041963,-0.099716,-0.731883,-0.07382,-0.100053,-0.868327,-0.106537,-0.098554,-0.986108,-0.13371,-0.009727,-0.505617,-0.059014,-0.005962,-0.699602,-0.090247,-0.006355,-0.828427,-0.120794,-0.010416,-0.940494,-0.144043,0.071383,-0.456109,-0.082428,0.090914,-0.609233,-0.106671,0.097674,-0.714088,-0.122005,0.101359,-0.809568,-0.134659
YES,0.0,0.0,0.0,-0.14911,-0.067605,-0.062731,-0.266235,-0.192388,-0.106504,-0.344236,-0.318154,-0.146905,-0.413021,-0.419194,-0.187647,-0.174784,-0.466849,-0.069018,-0.217987,-0.656701,-0.119693,-0.237393,-0.774612,-0.162371,-0.247212,-0.883577,-0.194238,-0.084185,-0.498419,-0.074435,-0.090273,-0.713585,-0.115593,-0.093703,-0.853539,-0.150451,-0.09359,-0.979656,-0.177525,0.00297,-0.4774,-0.088014,0.005935,-0.681315,-0.126182,0.004673,-0.809984,-0.156939,0.00083,-0.925451,-0.179249,0.084949,-0.422001,-0.107809,0.107836,-0.579645,-0.139223,0.116137,-0.68129,-0.156346,0.118731,-0.776273,-0.168542
YES,0.0,0.0,0.0,-0.156955,-0.065201,-0.073646,-0.281776,-0.204761,-0.124032,-0.369839,-0.337603,-0.16948,-0.451311,-0.440928,-0.216475,-0.172884,-0.45252,-0.085474,-0.210327,-0.633453,-0.144511,-0.231339,-0.752485,-0.193228,-0.241916,-0.863883,-0.22945,-0.071711,-0.483509,-0.088803,-0.069867,-0.702439,-0.13362,-0.070822,-0.848682,-0.170143,-0.068308,-0.977515,-0.199495,0.022759,-0.456269,-0.100901,0.03331,-0.663516,-0.144678,0.036567,-0.791455,-0.174368,0.036348,-0.905827,-0.196286,0.10877,-0.388261,-0.120002,0.144561,-0.535956,-0.157123,0.161043,-0.631571,-0.173735,0.169863,-0.719828,-0.185728
YES,0.0,0.0,0.0,-0.166204,-0.06991,-0.074487,-0.303314,-0.219811,-0.127031,-0.40166,-0.356264,-0.17486,-0.500149,-0.461259,-0.225412,-0.181596,-0.475274,-0.087618,-0.216979,-0.644816,-0.143983,-0.236955,-0.74995,-0.1927,-0.248217,-0.859366,-0.232,-0.064639,-0.501261,-0.095929,-0.056283,-0.718391,-0.138352,-0.051271,-0.848239,-0.177543,-0.041734,-0.976301,-0.212356,0.042039,-0.462562,-0.112515,0.061268,-0.666767,-0.158823,0.074799,-0.785513,-0.19162,0.083946,-0.903561,-0.219131,0.138168,-0.380051,-0.135703,0.179206,-0.515457,-0.178067,0.205484,-0.600392,-0.196055,0.22421,-0.687753,-0.211202
YES,0.0,0.0,0.0,-0.177316,-0.070501,-0.083027,-0.321591,-0.23256,-0.138043,-0.423149,-0.373543,-0.187456,-0.526308,-0.479268,-0.239393,-0.184149,-0.481349,-0.09608,-0.218565,-0.646128,-0.156152,-0.234358,-0.745721,-0.207095,-0.23974,-0.850487,-0.248441,-0.060348,-0.506291,-0.10221,-0.052256,-0.717125,-0.149914,-0.045224,-0.843685,-0.192035,-0.030884,-0.972737,-0.229845,0.051273,-0.464177,-0.117707,0.072541,-0.659903,-0.172112,0.088881,-0.774526,-0.20899,0.102991,-0.892897,-0.238854,0.150412,-0.376136,-0.140433,0.19714,-0.5095,-0.190558,0.230362,-0.591271,-0.213611,0.257524,-0.676057,-0.232672
YES,0.0,0.0,0.0,-0.177009,-0.072059,-0.078177,-0.318716,-0.229934,-0.131411,-0.419474,-0.367492,-0.179843,-0.519013,-0.469141,-0.231098,-0.190179,-0.470067,-0.092252,-0.223811,-0.636335,-0.152465,-0.239779,-0.740121,-0.204261,-0.24585,-0.84814,-0.245856,-0.069635,-0.49589,-0.100202,-0.059776,-0.708804,-0.146854,-0.055323,-0.84189,-0.188469,-0.045888,-0.973089,-0.225816,0.039131,-0.457946,-0.117215,0.06027,-0.660138,-0.169267,0.072672,-0.780469,-0.204861,0.080906,-0.900023,-0.234163,0.136058,-0.374719,-0.141246,0.183071,-0.509673,-0.18977,0.210923,-0.595863,-0.212047,0.230424,-0.682785,-0.230658
YES,0.0,0.0,0.0,-0.158379,-0.063286,-0.073614,-0.279843,-0.195364,-0.123123,-0.361175,-0.328845,-0.167146,-0.434351,-0.438482,-0.211777,-0.174753,-0.460875,-0.079481,-0.211535,-0.651921,-0.1375,-0.232872,-0.774618,-0.186245,-0.246084,-0.886655,-0.222217,-0.077926,-0.491769,-0.080844,-0.074036,-0.709278,-0.125672,-0.075799,-0.852783,-0.16341,-0.076906,-0.978193,-0.192935,0.010595,-0.466932,-0.091455,0.022133,-0.671175,-0.132652,0.024025,-0.796672,-0.162413,0.019643,-0.907364,-0.184684,0.091425,-0.402817,-0.109202,0.119299,-0.550534,-0.144321,0.126304,-0.646106,-0.161135,0.125152,-0.733214,-0.173061
YES,0.0,0.0,0.0,-0.161146,-0.078133,-0.052268,-0.288259,-0.212148,-0.083401,-0.363193,-0.346738,-0.114119,-0.423832,-0.449473,-0.144511,-0.194066,-0.498143,-0.030007,-0.242521,-0.687344,-0.069636,-0.264615,-0.802921,-0.107454,-0.280496,-0.907124,-0.136138,-0.102038,-0.535827,-0.036505,-0.117591,-0.749643,-0.064345,-0.125073,-0.879758,-0.091816,-0.130478,-0.984782,-0.114805,-0.014057,-0.521794,-0.053237,-0.022135,-0.719535,-0.078688,-0.029526,-0.840747,-0.101615,-0.038024,-0.940945,-0.119728,0.071999,-0.471102,-0.076984,0.074766,-0.636441,-0.097522,0.071615,-0.742456,-0.108863,0.068922,-0.836822,-0.117707
YES,0.0,0.0,0.0,-0.161873,-0.07613,-0.058914,-0.292237,-0.204389,-0.09098,-0.370081,-0.341803,-0.121527,-0.430666,-0.445103,-0.150982,-0.200425,-0.493656,-0.031143,-0.248995,-0.685815,-0.070552,-0.268515,-0.796438,-0.108215,-0.28108,-0.897812,-0.136013,-0.107915,-0.533211,-0.033506,-0.12754,-0.750018,-0.059163,-0.136197,-0.879797,-0.08511,-0.142199,-0.984069,-0.106714,-0.018175,-0.523188,-0.047255,-0.031149,-0.718675,-0.072519,-0.041024,-0.839089,-0.095494,-0.051085,-0.938481,-0.112814,0.06903,-0.479442,-0.068758,0.070409,-0.642197,-0.088924,0.067429,-0.743285,-0.10039,0.065719,-0.833669,-0.10897
YES,0.0,0.0,0.0,-0.159978,-0.074668,-0.057027,-0.289348,-0.209287,-0.08717,-0.367386,-0.345897,-0.116002,-0.429464,-0.447819,-0.143659,-0.196828,-0.495159,-0.028363,-0.242398,-0.69008,-0.065566,-0.259158,-0.801517,-0.102039,-0.270725,-0.902829,-0.129721,-0.107219,-0.532743,-0.031644,-0.126564,-0.750224,-0.056655,-0.136248,-0.879481,-0.083719,-0.14349,-0.983883,-0.1067,-0.019787,-0.522532,-0.045973,-0.032843,-0.718882,-0.069843,-0.043563,-0.837939,-0.094129,-0.054964,-0.93742,-0.113349,0.065695,-0.479139,-0.06792,0.066131,-0.641879,-0.08661,0.061233,-0.741475,-0.098569,0.057177,-0.830877,-0.10853
YES,0.0,0.0,0.0,-0.148478,-0.062861,-0.065716,-0.265853,-0.193115,-0.105956,-0.34631,-0.320708,-0.142498,-0.418557,-0.415614,-0.179272,-0.174964,-0.473217,-0.059209,-0.208838,-0.669388,-0.104719,-0.223568,-0.791967,-0.145274,-0.231222,-0.901511,-0.176464,-0.087731,-0.506666,-0.060815,-0.097909,-0.722079,-0.096095,-0.105923,-0.861441,-0.129096,-0.111499,-0.981441,-0.156019,-0.003614,-0.489763,-0.071566,-0.004028,-0.693986,-0.103942,-0.010563,-0.818669,-0.13201,-0.020385,-0.927113,-0.153763,0.078617,-0.439002,-0.08956,0.090899,-0.600054,-0.118304,0.090045,-0.704491,-0.135676,0.085193,-0.801191,-0.148753
YES,0.0,0.0,0.0,-0.197367,-0.049896,-0.098069,-0.367061,-0.213276,-0.174816,-0.50999,-0.361364,-0.249379,-0.642388,-0.46195,-0.323556,-0.220555,-0.474499,-0.108592,-0.253929,-0.589197,-0.220855,-0.237105,-0.542872,-0.306525,-0.207199,-0.464264,-0.355305,-0.071086,-0.522381,-0.118097,-0.046032,-0.740607,-0.194215,-0.034049,-0.83209,-0.249031,-0.017087,-0.884044,-0.291646,0.06082,-0.509599,-0.144505,0.097764,-0.736281,-0.214206,0.107973,-0.855447,-0.252137,0.112753,-0.953447,-0.279689,0.176465,-0.448041,-0.180169,0.230221,-0.636133,-0.225242,0.251999,-0.74324,-0.237681,0.261202,-0.844402,-0.249619
YES,0.0,0.0,0.0,-0.234405,-0.031648,-0.135656,-0.441478,-0.209856,-0.233276,-0.602255,-0.383901,-0.322812,-0.754503,-0.509544,-0.413631,-0.262981,-0.471545,-0.201357,-0.290639,-0.632728,-0.332772,-0.267734,-0.569619,-0.423117,-0.220712,-0.509902,-0.481412,-0.093634,-0.505999,-0.205574,-0.088429,-0.717281,-0.304453,-0.066042,-0.805456,-0.371222,-0.012645,-0.889439,-0.431995,0.059517,-0.474191,-0.225757,0.091753,-0.673889,-0.328427,0.122476,-0.777851,-0.38279,0.166985,-0.877546,-0.425864,0.196048,-0.398499,-0.256983,0.25376,-0.571194,-0.3344,0.297594,-0.649378,-0.365405,0.34338,-0.733635,-0.394458
YES,0.0,0.0,0.0,-0.233385,-0.036934,-0.134056,-0.438989,-0.208831,-0.230585,-0.596058,-0.380333,-0.318875,-0.742167,-0.515205,-0.409942,-0.263096,-0.467282,-0.192456,-0.300844,-0.632698,-0.317586,-0.284068,-0.626182,-0.409325,-0.241302,-0.608359,-0.470947,-0.098268,-0.514414,-0.194585,-0.096193,-0.725436,-0.288401,-0.072329,-0.825169,-0.356077,-0.021347,-0.90839,-0.417578,0.051002,-0.489633,-0.212006,0.081588,-0.692096,-0.308212,0.115224,-0.79072,-0.361915,0.15884,-0.876566,-0.405228,0.184729,-0.415631,-0.240791,0.24458,-0.583614,-0.314595,0.28908,-0.6514,-0.345304,0.332302,-0.719449,-0.374089
YES,0.0,0.0,0.0,-0.224913,-0.052574,-0.110151,-0.417076,-0.22462,-0.193365,-0.5613,-0.392813,-0.272401,-0.700895,-0.514786,-0.352253,-0.24964,-0.476488,-0.139377,-0.288993,-0.662791,-0.2499,-0.277967,-0.684037,-0.333373,-0.243808,-0.675612,-0.386481,-0.090186,-0.51324,-0.146698,-0.079936,-0.732985,-0.223184,-0.056107,-0.850113,-0.280581,-0.010538,-0.943403,-0.331481,0.054467,-0.483515,-0.169745,0.086625,-0.692824,-0.247982,0.118104,-0.804825,-0.287241,0.153879,-0.901224,-0.318467,0.183893,-0.410175,-0.203004,0.243053,-0.579095,-0.261685,0.281706,-0.660359,-0.279387,0.312876,-0.735616,-0.29593
YES,0.0,0.0,0.0,-0.158572,-0.06992,-0.073769,-0.283734,-0.220406,-0.124503,-0.377547,-0.349746,-0.170348,-0.475354,-0.43541,-0.219248,-0.183807,-0.454869,-0.095826,-0.217223,-0.648943,-0.156863,-0.228649,-0.778177,-0.205237,-0.230199,-0.893839,-0.241673,-0.073468,-0.482358,-0.101092,-0.069471,-0.700751,-0.149947,-0.067526,-0.846723,-0.188496,-0.061891,-0.973452,-0.220365,0.028005,-0.453378,-0.114319,0.043484,-0.657108,-0.160644,0.048619,-0.786034,-0.19177,0.048308,-0.901996,-0.216239,0.120127,-0.383652,-0.134471,0.15555,-0.53428,-0.174143,0.168407,-0.631592,-0.192228,0.171591,-0.720895,-0.206759
YES,0.0,0.0,0.0,-0.151225,-0.068049,-0.058068,-0.26458,-0.215108,-0.09321,-0.333227,-0.352981,-0.125197,-0.40793,-0.44867,-0.15868,-0.169262,-0.475068,-0.05799,-0.197932,-0.673066,-0.103212,-0.20797,-0.798108,-0.142504,-0.21064,-0.909968,-0.173058,-0.076156,-0.5005,-0.063967,-0.077848,-0.719024,-0.100172,-0.076716,-0.859174,-0.134107,-0.072834,-0.984131,-0.161805,0.011326,-0.474577,-0.077912,0.019068,-0.676347,-0.113435,0.021893,-0.805694,-0.14423,0.019909,-0.920912,-0.16796,0.09255,-0.41422,-0.097682,0.110344,-0.568159,-0.128921,0.113928,-0.668379,-0.146618,0.111772,-0.7613,-0.160386
YES,0.0,0.0,0.0,-0.154021,-0.07474,-0.050908,-0.271218,-0.219495,-0.078935,-0.342316,-0.354532,-0.10572,-0.41481,-0.444474,-0.133294,-0.17719,-0.490852,-0.034698,-0.217184,-0.681347,-0.073124,-0.231739,-0.800264,-0.11099,-0.239613,-0.909963,-0.141741,-0.088789,-0.521617,-0.04212,-0.09634,-0.730016,-0.074274,-0.09979,-0.865158,-0.10806,-0.101673,-0.985451,-0.136194,-0.004778,-0.503125,-0.058245,-0.002401,-0.696302,-0.090004,-0.005809,-0.82511,-0.122121,-0.014177,-0.938278,-0.146852,0.075349,-0.450022,-0.080246,0.086995,-0.602319,-0.106871,0.084801,-0.707481,-0.125054,0.078546,-0.804702,-0.13991
YES,0.0,0.0,0.0,-0.154019,-0.08202,-0.050326,-0.274797,-0.220323,-0.080476,-0.349758,-0.352323,-0.110507,-0.416514,-0.443069,-0.141279,-0.177569,-0.498595,-0.032849,-0.222461,-0.690257,-0.072988,-0.240594,-0.80758,-0.111649,-0.253189,-0.912728,-0.141581,-0.088722,-0.530083,-0.041327,-0.098537,-0.743271,-0.073475,-0.10272,-0.876524,-0.105003,-0.105817,-0.985711,-0.131057,-0.003341,-0.513067,-0.059272,-0.004942,-0.70853,-0.089079,-0.011441,-0.833233,-0.117154,-0.020706,-0.937425,-0.138963,0.079035,-0.460373,-0.083714,0.088486,-0.620121,-0.106841,0.087616,-0.72525,-0.121425,0.08506,-0.818503,-0.133495
YES,0.0,0.0,0.0,-0.143322,-0.067256,-0.064204,-0.264625,-0.197949,-0.104424,-0.345394,-0.324033,-0.141693,-0.413615,-0.413251,-0.179616,-0.172269,-0.481989,-0.059778,-0.218227,-0.673567,-0.106333,-0.238426,-0.793491,-0.147768,-0.251237,-0.903292,-0.179739,-0.081665,-0.514609,-0.063627,-0.088685,-0.726564,-0.100908,-0.093024,-0.863982,-0.134521,-0.096801,-0.98208,-0.161706,0.005116,-0.494217,-0.076595,0.008192,-0.693016,-0.111178,0.007338,-0.82283,-0.142001,0.002353,-0.936678,-0.165485,0.087525,-0.438108,-0.096591,0.104636,-0.595415,-0.125676,0.109952,-0.700525,-0.143374,0.111073,-0.797902,-0.15705
YES,0.0,0.0,0.0,-0.148885,-0.048216,-0.092997,-0.271141,-0.171799,-0.153278,-0.358891,-0.303797,-0.204963,-0.441697,-0.411126,-0.257551,-0.177685,-0.410464,-0.115383,-0.221039,-0.610354,-0.183875,-0.243074,-0.744669,-0.234317,-0.254484,-0.860066,-0.269948,-0.077194,-0.446517,-0.111198,-0.080068,-0.674807,-0.168067,-0.081066,-0.83111,-0.208377,-0.076863,-0.967987,-0.23894,0.018236,-0.427452,-0.116574,0.033808,-0.630698,-0.167526,0.042201,-0.758917,-0.198236,0.048341,-0.877872,-0.220519,0.106773,-0.369822,-0.130529,0.142873,-0.515363,-0.17196,0.161891,-0.608742,-0.189818,0.175106,-0.696654,-0.202687
YES,0.0,0.0,0.0,-0.264842,-0.014543,-0.118186,-0.47983,-0.176459,-0.218221,-0.632203,-0.338245,-0.317616,-0.783916,-0.458934,-0.418157,-0.311509,-0.452439,-0.186763,-0.364991,-0.705,-0.339989,-0.374636,-0.660593,-0.447816,-0.371687,-0.561035,-0.506666,-0.123352,-0.505492,-0.204076,-0.115925,-0.744347,-0.320366,-0.110986,-0.803469,-0.398791,-0.092091,-0.814366,-0.458265,0.053976,-0.490206,-0.237433,0.094766,-0.723479,-0.345368,0.128611,-0.824698,-0.400179,0.162011,-0.883786,-0.438451,0.213899,-0.429052,-0.28054,0.29621,-0.622665,-0.362359,0.35807,-0.698747,-0.391807,0.408319,-0.749263,-0.413906
YES,0.0,0.0,0.0,-0.261014,0.026057,-0.122451,-0.492637,-0.121022,-0.22166,-0.663786,-0.271724,-0.316247,-0.820855,-0.392848,-0.414569,-0.313741,-0.348654,-0.215948,-0.368954,-0.507957,-0.341791,-0.366879,-0.502552,-0.428868,-0.330015,-0.501162,-0.487592,-0.127154,-0.403093,-0.229724,-0.126547,-0.582463,-0.32413,-0.090908,-0.653782,-0.384702,-0.016619,-0.708823,-0.443352,0.045287,-0.397163,-0.254145,0.084451,-0.584448,-0.368288,0.139038,-0.656334,-0.414357,0.207348,-0.710656,-0.449783,0.192607,-0.349664,-0.28682,0.278829,-0.505975,-0.386482,0.356008,-0.551165,-0.414093,0.431371,-0.581663,-0.434944
YES,0.0,0.0,0.0,-0.263714,0.01119,-0.129733,-0.480293,-0.127321,-0.236624,-0.635134,-0.282353,-0.340751,-0.794858,-0.409178,-0.448078,-0.283632,-0.42529,-0.20858,-0.318518,-0.64086,-0.348792,-0.335567,-0.634015,-0.45027,-0.337128,-0.583411,-0.51242,-0.095111,-0.477529,-0.221361,-0.073339,-0.692473,-0.327457,-0.055704,-0.746833,-0.400605,-0.0166,-0.753472,-0.463254,0.080817,-0.456348,-0.248388,0.145325,-0.676327,-0.35699,0.188021,-0.743192,-0.409273,0.230921,-0.766994,-0.449139,0.237332,-0.390202,-0.285763,0.33818,-0.571268,-0.373847,0.395667,-0.612329,-0.403118,0.438758,-0.622068,-0.42649
YES,0.0,0.0,0.0,-0.15222,-0.05441,-0.082719,-0.276085,-0.181745,-0.142422,-0.376605,-0.303164,-0.195659,-0.474559,-0.388014,-0.251411,-0.180855,-0.412209,-0.114094,-0.233594,-0.614049,-0.178552,-0.260152,-0.74756,-0.227712,-0.276896,-0.86236,-0.263423,-0.074817,-0.450668,-0.114719,-0.081536,-0.681007,-0.165191,-0.090788,-0.835911,-0.203179,-0.098386,-0.967294,-0.233801,0.02484,-0.431411,-0.123056,0.036187,-0.648844,-0.167287,0.034783,-0.77945,-0.196804,0.025818,-0.892792,-0.219738,0.11662,-0.371425,-0.138978,0.153766,-0.530647,-0.175711,0.16233,-0.632108,-0.191497,0.154708,-0.721226,-0.203549
YES,0.0,0.0,0.0,-0.154068,-0.054468,-0.064757,-0.278174,-0.182916,-0.106759,-0.35745,-0.313707,-0.144382,-0.43029,-0.415173,-0.182631,-0.196768,-0.45004,-0.072222,-0.246743,-0.642363,-0.12429,-0.270771,-0.764211,-0.166847,-0.286156,-0.875778,-0.198566,-0.10587,-0.485502,-0.076338,-0.121171,-0.702947,-0.120101,-0.131036,-0.843441,-0.156157,-0.138031,-0.973243,-0.183702,-0.017755,-0.469507,-0.088575,-0.021675,-0.673681,-0.12975,-0.026352,-0.802599,-0.161068,-0.034531,-0.921129,-0.183239,0.066117,-0.418965,-0.106869,0.07625,-0.58098,-0.141765,0.075325,-0.684865,-0.159916,0.069116,-0.782648,-0.172346
YES,0.0,0.0,0.0,-0.154883,-0.07194,-0.050351,-0.277423,-0.20363,-0.077986,-0.34861,-0.340589,-0.105661,-0.417405,-0.435926,-0.13399,-0.192763,-0.481593,-0.026595,-0.237051,-0.67283,-0.061422,-0.257423,-0.79045,-0.097195,-0.272026,-0.899615,-0.126236,-0.102805,-0.52291,-0.033114,-0.116212,-0.734824,-0.059521,-0.125955,-0.869233,-0.089718,-0.13442,-0.984094,-0.116145,-0.018629,-0.513278,-0.049081,-0.023224,-0.7049,-0.074363,-0.032429,-0.83126,-0.102796,-0.04602,-0.938716,-0.125845,0.062149,-0.466232,-0.071587,0.065621,-0.62552,-0.092438,0.057424,-0.729254,-0.107179,0.045737,-0.821549,-0.119975
YES,0.0,0.0,0.0,-0.166783,-0.067087,-0.0591,-0.303617,-0.196489,-0.089281,-0.386089,-0.332188,-0.117423,-0.455928,-0.427033,-0.145099,-0.210227,-0.474166,-0.032063,-0.26537,-0.667557,-0.068983,-0.288834,-0.785675,-0.10479,-0.304107,-0.892425,-0.132056,-0.118464,-0.51933,-0.033623,-0.139604,-0.741569,-0.059371,-0.149381,-0.876131,-0.085234,-0.15602,-0.981984,-0.106609,-0.028898,-0.515644,-0.0461,-0.042276,-0.715435,-0.069765,-0.0498,-0.840191,-0.092479,-0.057087,-0.941501,-0.110074,0.060052,-0.476891,-0.06635,0.058456,-0.641519,-0.084842,0.053896,-0.744333,-0.095456,0.049823,-0.834341,-0.103695
YES,0.0,0.0,0.0,-0.198661,-0.033042,-0.067844,-0.347246,-0.142438,-0.101206,-0.43538,-0.269682,-0.129928,-0.504915,-0.381013,-0.156723,-0.233677,-0.446449,-0.031661,-0.299542,-0.637313,-0.064416,-0.329231,-0.75541,-0.099769,-0.347322,-0.860401,-0.127283,-0.130679,-0.502433,-0.029043,-0.15555,-0.727067,-0.046484,-0.168427,-0.867515,-0.073552,-0.174742,-0.979792,-0.097325,-0.03207,-0.509315,-0.038371,-0.050354,-0.714627,-0.057245,-0.063679,-0.839272,-0.084054,-0.074083,-0.945243,-0.105891,0.065466,-0.480001,-0.055796,0.060858,-0.651587,-0.074007,0.051134,-0.753761,-0.086208,0.039181,-0.848918,-0.095952
YES,0.0,0.0,0.0,-0.226648,-0.027268,-0.060815,-0.40451,-0.138769,-0.078096,-0.509363,-0.279149,-0.096045,-0.582893,-0.399321,-0.110801,-0.275099,-0.448899,0.036375,-0.349175,-0.644886,0.024299,-0.381391,-0.770445,-0.001843,-0.401204,-0.879398,-0.022181,-0.162114,-0.513853,0.041475,-0.187928,-0.742298,0.052284,-0.199845,-0.880275,0.040529,-0.206339,-0.978109,0.026943,-0.050687,-0.533072,0.029539,-0.071673,-0.737758,0.03322,-0.086925,-0.854821,0.021766,-0.100755,-0.943661,0.011454,0.060951,-0.518731,0.006784,0.053395,-0.687488,0.007537,0.036707,-0.788665,0.006484,0.018326,-0.87519,0.005305
YES,0.0,0.0,0.0,-0.190596,-0.054129,-0.05879,-0.336978,-0.177293,-0.085614,-0.420787,-0.312455,-0.110182,-0.481702,-0.425037,-0.132956,-0.221527,-0.462284,-0.016624,-0.28158,-0.65617,-0.047371,-0.305571,-0.778641,-0.082076,-0.319339,-0.885959,-0.1087,-0.120954,-0.5127,-0.016617,-0.143824,-0.736025,-0.0313,-0.154706,-0.875742,-0.055561,-0.158368,-0.98433,-0.07755,-0.025327,-0.517489,-0.028307,-0.041104,-0.72186,-0.043042,-0.050698,-0.844138,-0.062326,-0.057069,-0.940105,-0.078942,0.069561,-0.486883,-0.048349,0.064368,-0.652442,-0.06108,0.054074,-0.755443,-0.067982,0.042328,-0.846915,-0.073872
YES,0.0,0.0,0.0,-0.146782,-0.069713,-0.076849,-0.258645,-0.221377,-0.121329,-0.325689,-0.3658,-0.159929,-0.393645,-0.466647,-0.198918,-0.14275,-0.472759,-0.076706,-0.166609,-0.668371,-0.12826,-0.179194,-0.793909,-0.172464,-0.190545,-0.903904,-0.205821,-0.051426,-0.501197,-0.073583,-0.040496,-0.721814,-0.114898,-0.042149,-0.864895,-0.149989,-0.048312,-0.982796,-0.178265,0.030277,-0.483227,-0.080206,0.048185,-0.690992,-0.1165,0.047349,-0.817739,-0.147009,0.036404,-0.921767,-0.170196,0.106555,-0.430127,-0.09495,0.13245,-0.594059,-0.125987,0.131107,-0.694003,-0.145242,0.115201,-0.781894,-0.160042
YES,0.0,0.0,0.0,-0.184112,-0.084041,-0.098782,-0.324945,-0.267388,-0.161042,-0.422606,-0.441128,-0.215922,-0.514054,-0.579061,-0.273728,-0.15617,-0.502731,-0.102193,-0.17556,-0.64649,-0.170972,-0.178178,-0.746364,-0.231814,-0.167576,-0.843369,-0.278635,-0.01379,-0.526224,-0.103339,0.031931,-0.751527,-0.150002,0.05492,-0.874012,-0.184829,0.080794,-0.972562,-0.218164,0.103141,-0.486815,-0.117615,0.161213,-0.707415,-0.170397,0.18462,-0.809948,-0.192594,0.202384,-0.893769,-0.211933,0.201872,-0.401874,-0.141689,0.261556,-0.571855,-0.185536,0.289006,-0.64114,-0.192748,0.303677,-0.695883,-0.20064
YES,0.0,0.0,0.0,-0.232083,-0.076872,-0.127306,-0.41491,-0.274755,-0.213253,-0.524738,-0.462586,-0.290772,-0.628115,-0.627432,-0.370898,-0.19806,-0.525772,-0.165345,-0.222818,-0.712894,-0.264784,-0.211592,-0.776446,-0.339879,-0.167836,-0.838338,-0.395947,-0.022044,-0.545487,-0.167158,0.018729,-0.750751,-0.243287,0.062393,-0.846499,-0.297774,0.13465,-0.927364,-0.349092,0.126056,-0.494815,-0.183591,0.185766,-0.694666,-0.266248,0.235507,-0.789508,-0.308486,0.296782,-0.867869,-0.343233,0.255776,-0.395606,-0.21155,0.33227,-0.548943,-0.278634,0.382946,-0.611017,-0.303742,0.432625,-0.669441,-0.326375
YES,0.0,0.0,0.0,-0.235122,-0.058875,-0.121337,-0.418545,-0.239844,-0.208908,-0.527456,-0.412711,-0.290837,-0.637364,-0.558205,-0.375481,-0.196729,-0.514078,-0.159979,-0.211888,-0.704648,-0.268004,-0.213993,-0.752254,-0.350836,-0.197134,-0.775214,-0.407039,-0.015498,-0.541177,-0.166564,0.030369,-0.750284,-0.239861,0.069199,-0.851098,-0.297454,0.130209,-0.926734,-0.352434,0.137229,-0.494768,-0.188043,0.20973,-0.700539,-0.267633,0.257595,-0.787778,-0.30933,0.312339,-0.85413,-0.344861,0.269683,-0.398333,-0.220701,0.358539,-0.561994,-0.283577,0.413491,-0.620425,-0.303051,0.463371,-0.668235,-0.321779
YES,0.0,0.0,0.0,-0.177349,-0.055353,-0.099082,-0.317262,-0.197089,-0.164988,-0.406721,-0.348715,-0.221922,-0.490682,-0.476563,-0.28021,-0.184538,-0.437821,-0.12778,-0.219043,-0.625321,-0.201657,-0.23914,-0.746912,-0.260122,-0.252308,-0.861923,-0.30329,-0.061994,-0.474184,-0.123327,-0.042707,-0.696767,-0.177712,-0.035733,-0.839662,-0.214659,-0.027814,-0.968504,-0.247439,0.04692,-0.450265,-0.129427,0.077229,-0.671294,-0.179548,0.089586,-0.794161,-0.205223,0.095712,-0.909644,-0.226987,0.145942,-0.381425,-0.145115,0.201538,-0.538613,-0.187142,0.228375,-0.632687,-0.202991,0.241173,-0.723659,-0.216455
YES,0.0,0.0,0.0,-0.156052,-0.056841,-0.07141,-0.279847,-0.181072,-0.11531,-0.353394,-0.314518,-0.153352,-0.411157,-0.427094,-0.190706,-0.183313,-0.454975,-0.072339,-0.226243,-0.64484,-0.122905,-0.247508,-0.76519,-0.165726,-0.260077,-0.875577,-0.197571,-0.09167,-0.491422,-0.071759,-0.096019,-0.711899,-0.111187,-0.100203,-0.85454,-0.145042,-0.101745,-0.979857,-0.171839,-0.005512,-0.473787,-0.080418,0.000912,-0.677425,-0.116865,0.000576,-0.805452,-0.147197,-0.002703,-0.918999,-0.169687,0.076739,-0.42072,-0.096189,0.101756,-0.576933,-0.1271,0.109553,-0.678885,-0.145366,0.111392,-0.774493,-0.15861
YES,0.0,0.0,0.0,-0.160379,-0.080185,-0.055584,-0.284309,-0.212363,-0.086737,-0.353491,-0.351886,-0.116627,-0.400099,-0.463009,-0.145817,-0.182276,-0.495812,-0.032586,-0.226671,-0.685378,-0.073898,-0.247321,-0.797537,-0.114904,-0.260724,-0.9022,-0.145847,-0.091204,-0.532693,-0.037066,-0.102306,-0.74609,-0.064336,-0.10884,-0.877662,-0.093013,-0.113865,-0.986478,-0.117882,-0.004412,-0.523402,-0.052316,-0.006722,-0.721687,-0.076537,-0.013497,-0.845944,-0.100663,-0.022359,-0.949087,-0.12057,0.078703,-0.479816,-0.075131,0.083764,-0.64308,-0.09454,0.080649,-0.745822,-0.106706,0.07666,-0.835852,-0.116916
YES,0.0,0.0,0.0,-0.201442,-0.032719,-0.066664,-0.351625,-0.14309,-0.096387,-0.433213,-0.279952,-0.121514,-0.481309,-0.409799,-0.143685,-0.230926,-0.449852,-0.023971,-0.290807,-0.646203,-0.057228,-0.318974,-0.769315,-0.09295,-0.336828,-0.878055,-0.11987,-0.124506,-0.505378,-0.020961,-0.146124,-0.726897,-0.038738,-0.162765,-0.867098,-0.068134,-0.172437,-0.980582,-0.093402,-0.024646,-0.515408,-0.030139,-0.03988,-0.716703,-0.049842,-0.055589,-0.844449,-0.07779,-0.068317,-0.952375,-0.100149,0.072473,-0.489598,-0.047362,0.076325,-0.655464,-0.066817,0.070599,-0.762024,-0.080922,0.061295,-0.860768,-0.091424
YES,0.0,0.0,0.0,-0.212496,-0.022289,-0.0674,-0.376491,-0.123499,-0.094601,-0.467696,-0.261215,-0.118138,-0.522672,-0.398227,-0.137373,-0.260323,-0.434573,-0.007522,-0.330844,-0.628152,-0.037344,-0.364779,-0.750317,-0.073382,-0.386404,-0.861549,-0.101615,-0.152534,-0.498051,-0.004141,-0.18667,-0.722409,-0.016658,-0.207804,-0.861693,-0.043811,-0.221792,-0.972658,-0.068883,-0.047389,-0.518159,-0.014842,-0.074681,-0.721539,-0.031719,-0.097655,-0.844394,-0.057586,-0.116458,-0.948893,-0.078878,0.059603,-0.503939,-0.034515,0.055859,-0.673267,-0.05231,0.043681,-0.777388,-0.065329,0.028779,-0.873856,-0.07571
YES,0.0,0.0,0.0,-0.165715,-0.072686,-0.046095,-0.292218,-0.203006,-0.072227,-0.364881,-0.33658,-0.098441,-0.421173,-0.440301,-0.124563,-0.204901,-0.481951,-0.026697,-0.255885,-0.666367,-0.06899,-0.2817,-0.785478,-0.110892,-0.30068,-0.893828,-0.143102,-0.116285,-0.525491,-0.035441,-0.137467,-0.738041,-0.065594,-0.151669,-0.868214,-0.095906,-0.162701,-0.979111,-0.121941,-0.028441,-0.519698,-0.05369,-0.041068,-0.717952,-0.080354,-0.053996,-0.841039,-0.103539,-0.066285,-0.943933,-0.122916,0.059821,-0.474844,-0.078614,0.064011,-0.634689,-0.098757,0.059432,-0.737745,-0.109686,0.05484,-0.829624,-0.119339
YES,0.0,0.0,0.0,-0.157812,-0.058369,-0.091489,-0.282392,-0.204773,-0.14695,-0.36413,-0.356628,-0.193125,-0.435842,-0.477186,-0.23894,-0.169858,-0.441821,-0.103741,-0.209297,-0.638536,-0.167635,-0.231748,-0.770634,-0.217338,-0.249874,-0.8846,-0.253119,-0.066335,-0.47893,-0.096295,-0.063601,-0.702522,-0.146182,-0.069002,-0.8501,-0.182224,-0.075704,-0.974616,-0.210697,0.027807,-0.461546,-0.099218,0.046345,-0.672386,-0.144356,0.046444,-0.801978,-0.173554,0.038715,-0.916005,-0.195049,0.113998,-0.404128,-0.110776,0.1528,-0.560899,-0.149659,0.162453,-0.662448,-0.169131,0.157057,-0.754119,-0.182943
YES,0.0,0.0,0.0,-0.245443,-0.013039,-0.123606,-0.460775,-0.198485,-0.21131,-0.617631,-0.381028,-0.295489,-0.761884,-0.530347,-0.371841,-0.287869,-0.507714,-0.150794,-0.31067,-0.618917,-0.268263,-0.287231,-0.447195,-0.334503,-0.252255,-0.358943,-0.370481,-0.106417,-0.549209,-0.149321,-0.094408,-0.679014,-0.256744,-0.057644,-0.524395,-0.294761,-0.00809,-0.442054,-0.313638,0.054769,-0.546527,-0.163744,0.078327,-0.671066,-0.276147,0.128291,-0.54509,-0.289836,0.178896,-0.471829,-0.285588,0.192904,-0.520172,-0.187738,0.230801,-0.640608,-0.26789,0.286356,-0.574436,-0.273539,0.340284,-0.527465,-0.2673
YES,0.0,0.0,0.0,-0.242678,0.037587,-0.144566,-0.471424,-0.118631,-0.249735,-0.643267,-0.270092,-0.342279,-0.806749,-0.400988,-0.43401,-0.293906,-0.41794,-0.240175,-0.315858,-0.467148,-0.37122,-0.267417,-0.367699,-0.455823,-0.187971,-0.281477,-0.509906,-0.103463,-0.461053,-0.243705,-0.092027,-0.566414,-0.372323,-0.01437,-0.523329,-0.441538,0.092182,-0.460258,-0.488315,0.057747,-0.434765,-0.25677,0.104417,-0.552956,-0.398385,0.201453,-0.511335,-0.447748,0.298042,-0.477893,-0.472409,0.192136,-0.361082,-0.277522,0.272859,-0.455806,-0.400387,0.3659,-0.434527,-0.434674,0.451118,-0.416444,-0.45058
YES,0.0,0.0,0.0,-0.250846,0.037945,-0.139087,-0.480936,-0.117979,-0.245008,-0.650416,-0.264226,-0.339489,-0.809144,-0.397105,-0.433121,-0.284595,-0.411717,-0.236561,-0.303462,-0.440451,-0.357746,-0.26406,-0.331802,-0.43527,-0.198144,-0.253721,-0.488754,-0.086271,-0.449679,-0.243315,-0.075338,-0.543373,-0.363179,-0.009485,-0.485525,-0.428721,0.081365,-0.41609,-0.476609,0.080337,-0.42132,-0.257752,0.116194,-0.5367,-0.3892,0.20612,-0.491648,-0.435003,0.297019,-0.462049,-0.462163,0.215995,-0.346948,-0.279526,0.301829,-0.432702,-0.395519,0.396007,-0.40043,-0.426185,0.480071,-0.379058,-0.442608
YES,0.0,0.0,0.0,-0.168164,-0.067424,-0.082873,-0.305911,-0.219477,-0.138913,-0.420684,-0.361378,-0.189767,-0.528317,-0.459877,-0.24364,-0.182665,-0.443495,-0.093466,-0.233627,-0.618789,-0.155332,-0.256953,-0.741649,-0.207995,-0.27268,-0.847806,-0.24801,-0.06235,-0.488457,-0.097311,-0.050683,-0.731639,-0.144204,-0.050343,-0.871372,-0.179217,-0.055494,-0.976494,-0.208279,0.045397,-0.465755,-0.111109,0.069791,-0.691596,-0.158641,0.076069,-0.809504,-0.184361,0.07005,-0.9051,-0.204071,0.140471,-0.397546,-0.133249,0.199696,-0.552466,-0.173533,0.227959,-0.639907,-0.187177,0.235952,-0.717101,-0.198286
YES,0.0,0.0,0.0,-0.159578,-0.052908,-0.066315,-0.285174,-0.188081,-0.107253,-0.363632,-0.324361,-0.143193,-0.440363,-0.422833,-0.178721,-0.193128,-0.456075,-0.065951,-0.23971,-0.638315,-0.115189,-0.263896,-0.754933,-0.157936,-0.279472,-0.863856,-0.190445,-0.09905,-0.495069,-0.068131,-0.111576,-0.711824,-0.107182,-0.120114,-0.851997,-0.141118,-0.126028,-0.977742,-0.167742,-0.007898,-0.481029,-0.079023,-0.010367,-0.682642,-0.117069,-0.016174,-0.808704,-0.147544,-0.026146,-0.919842,-0.169437,0.07961,-0.429475,-0.096439,0.103883,-0.584801,-0.128271,0.110995,-0.685222,-0.14608,0.108544,-0.777187,-0.158761
YES,0.0,0.0,0.0,-0.157207,-0.065252,-0.048431,-0.276015,-0.200341,-0.077193,-0.345653,-0.33505,-0.105547,-0.407952,-0.43357,-0.13431,-0.194311,-0.473998,-0.036364,-0.247031,-0.663388,-0.078189,-0.271437,-0.780521,-0.116453,-0.289495,-0.886248,-0.145924,-0.107276,-0.514473,-0.044843,-0.12414,-0.729552,-0.079011,-0.135167,-0.864933,-0.110605,-0.145359,-0.979995,-0.135943,-0.022911,-0.505182,-0.062057,-0.030643,-0.705573,-0.093621,-0.039664,-0.834643,-0.122088,-0.05169,-0.943646,-0.143608,0.059697,-0.459465,-0.085114,0.063001,-0.620532,-0.11031,0.058294,-0.728354,-0.125877,0.051039,-0.826264,-0.138049
YES,0.0,0.0,0.0,-0.192535,-0.037072,-0.061795,-0.339213,-0.151005,-0.090708,-0.415504,-0.292042,-0.115772,-0.478054,-0.407059,-0.139918,-0.237801,-0.440722,-0.03256,-0.300673,-0.632319,-0.068741,-0.329354,-0.754128,-0.105611,-0.347516,-0.865764,-0.133883,-0.135314,-0.499165,-0.032915,-0.161941,-0.721851,-0.057167,-0.175551,-0.862604,-0.087426,-0.182901,-0.976564,-0.113447,-0.037525,-0.507637,-0.044115,-0.055864,-0.71141,-0.069831,-0.071493,-0.841332,-0.099008,-0.085173,-0.948683,-0.121621,0.057984,-0.482075,-0.062508,0.058819,-0.655847,-0.084008,0.051843,-0.766878,-0.098536,0.04362,-0.864993,-0.110136
YES,0.0,0.0,0.0,-0.202731,-0.022343,-0.067959,-0.357253,-0.127105,-0.097624,-0.446697,-0.260447,-0.122982,-0.505873,-0.386627,-0.145236,-0.254602,-0.430004,-0.0231,-0.32119,-0.625087,-0.058576,-0.354278,-0.747604,-0.09571,-0.376144,-0.854412,-0.123112,-0.147044,-0.494876,-0.020406,-0.17728,-0.720639,-0.038444,-0.200408,-0.862169,-0.066338,-0.216961,-0.972009,-0.090148,-0.041833,-0.51386,-0.030605,-0.062114,-0.721564,-0.050622,-0.081046,-0.848381,-0.075941,-0.097147,-0.953066,-0.095767,0.061677,-0.497095,-0.049189,0.06127,-0.669052,-0.068438,0.051698,-0.777699,-0.08017,0.038739,-0.876576,-0.088584
YES,0.0,0.0,0.0,-0.171425,-0.067048,-0.044414,-0.30041,-0.196655,-0.066648,-0.371246,-0.337528,-0.089224,-0.427611,-0.451098,-0.111169,-0.214324,-0.465721,-0.01706,-0.26948,-0.653322,-0.055359,-0.294988,-0.774197,-0.095181,-0.312199,-0.884565,-0.12639,-0.123809,-0.514476,-0.025898,-0.151611,-0.729844,-0.053306,-0.1666,-0.864351,-0.085873,-0.177817,-0.977465,-0.113768,-0.032964,-0.516319,-0.04449,-0.05037,-0.716875,-0.070701,-0.063408,-0.842009,-0.097661,-0.077243,-0.946425,-0.11962,0.05923,-0.48279,-0.069255,0.06118,-0.641988,-0.08934,0.056238,-0.74517,-0.102234,0.050086,-0.837911,-0.113398
YES,0.0,0.0,0.0,-0.155596,-0.064733,-0.087988,-0.268288,-0.219412,-0.138325,-0.340177,-0.375086,-0.180952,-0.406376,-0.50295,-0.223691,-0.145471,-0.466994,-0.085092,-0.173563,-0.669429,-0.146534,-0.192042,-0.803967,-0.197599,-0.211402,-0.916133,-0.233854,-0.041459,-0.494555,-0.078369,-0.021588,-0.715005,-0.125348,-0.02399,-0.861224,-0.165271,-0.035187,-0.979928,-0.196223,0.048763,-0.47326,-0.082801,0.073248,-0.67909,-0.124645,0.070811,-0.807097,-0.15643,0.058457,-0.914056,-0.179817,0.126595,-0.41929,-0.096026,0.153902,-0.580181,-0.131252,0.156642,-0.675756,-0.149997,0.147179,-0.756177,-0.163609
YES,0.0,0.0,0.0,-0.237627,-0.029248,-0.122331,-0.436522,-0.238902,-0.209453,-0.562459,-0.45508,-0.291603,-0.680192,-0.631478,-0.372255,-0.22398,-0.499943,-0.162329,-0.249232,-0.686987,-0.288025,-0.215737,-0.613832,-0.375623,-0.170097,-0.499913,-0.425042,-0.038595,-0.536078,-0.165061,0.0039,-0.757159,-0.278193,0.06481,-0.695263,-0.346725,0.13001,-0.586018,-0.387524,0.113751,-0.507091,-0.180873,0.182142,-0.658971,-0.295794,0.255688,-0.585606,-0.341933,0.319662,-0.494993,-0.362611,0.23916,-0.426729,-0.205462,0.328642,-0.522154,-0.300403,0.406168,-0.46161,-0.329176,0.471369,-0.383556,-0.340569
YES,0.0,0.0,0.0,-0.258573,0.02467,-0.170419,-0.471139,-0.156781,-0.275113,-0.6094,-0.346578,-0.355275,-0.742875,-0.5156,-0.426958,-0.264317,-0.447865,-0.269057,-0.207414,-0.363613,-0.36969,-0.165662,-0.250598,-0.422486,-0.120136,-0.194524,-0.463256,-0.071331,-0.490889,-0.250496,0.022524,-0.41227,-0.348424,0.080641,-0.347948,-0.39636,0.153164,-0.299564,-0.439427,0.086719,-0.453077,-0.23872,0.19615,-0.424128,-0.364209,0.268502,-0.361536,-0.402403,0.342478,-0.324724,-0.426875,0.2111,-0.361664,-0.237701,0.334619,-0.352315,-0.367179,0.425759,-0.27012,-0.404446,0.507062,-0.201353,-0.422162
YES,0.0,0.0,0.0,-0.249403,0.039487,-0.175525,-0.465467,-0.134017,-0.284865,-0.616717,-0.311995,-0.368832,-0.763939,-0.465793,-0.446581,-0.271014,-0.440407,-0.276527,-0.21531,-0.373721,-0.37647,-0.180667,-0.267702,-0.431699,-0.139659,-0.225012,-0.474839,-0.087801,-0.494705,-0.255017,0.022294,-0.437632,-0.352718,0.088376,-0.379381,-0.403633,0.165435,-0.357173,-0.448183,0.067413,-0.468489,-0.239588,0.183477,-0.444919,-0.358635,0.260209,-0.381439,-0.397431,0.335316,-0.359687,-0.422862,0.192467,-0.394668,-0.235335,0.317043,-0.396047,-0.35254,0.408421,-0.314593,-0.38239,0.485603,-0.259433,-0.396323
YES,0.0,0.0,0.0,-0.16402,-0.06258,-0.087464,-0.289292,-0.207388,-0.140903,-0.378087,-0.358276,-0.187809,-0.466613,-0.472953,-0.236226,-0.158873,-0.440487,-0.087129,-0.196809,-0.617424,-0.147209,-0.217195,-0.735063,-0.200549,-0.233244,-0.839823,-0.240683,-0.050828,-0.481544,-0.085283,-0.044158,-0.714962,-0.127714,-0.047898,-0.859152,-0.164683,-0.051335,-0.97919,-0.196344,0.045811,-0.461016,-0.09417,0.066634,-0.683113,-0.136589,0.070819,-0.798762,-0.164682,0.068568,-0.898826,-0.187231,0.133141,-0.397387,-0.112128,0.179234,-0.542931,-0.14774,0.197722,-0.618025,-0.161604,0.201838,-0.685546,-0.173312
YES,0.0,0.0,0.0,-0.156165,-0.066554,-0.062546,-0.269042,-0.207465,-0.099273,-0.327643,-0.351667,-0.13048,-0.382067,-0.465114,-0.160727,-0.174464,-0.466218,-0.060174,-0.205801,-0.656666,-0.103637,-0.220774,-0.7748,-0.142239,-0.228733,-0.88432,-0.172018,-0.082278,-0.49562,-0.061479,-0.085956,-0.716487,-0.095052,-0.088084,-0.857188,-0.126599,-0.088376,-0.984465,-0.15172,0.003995,-0.474285,-0.07087,0.009681,-0.680124,-0.103251,0.011578,-0.806281,-0.132157,0.009252,-0.918054,-0.153659,0.086057,-0.417203,-0.086368,0.107885,-0.572799,-0.114792,0.116347,-0.671595,-0.131455,0.118289,-0.762787,-0.143359
YES,0.0,0.0,0.0,-0.161119,-0.073789,-0.050682,-0.280647,-0.206792,-0.080664,-0.337485,-0.349552,-0.110026,-0.374597,-0.475792,-0.137623,-0.19447,-0.47832,-0.029738,-0.239602,-0.672346,-0.073286,-0.25703,-0.78956,-0.112038,-0.266074,-0.893303,-0.14075,-0.105169,-0.517383,-0.037884,-0.122518,-0.738279,-0.072113,-0.13134,-0.872371,-0.101486,-0.136856,-0.982711,-0.124694,-0.017947,-0.512705,-0.05626,-0.029151,-0.713946,-0.088159,-0.037349,-0.841945,-0.110343,-0.045286,-0.946797,-0.126667,0.070812,-0.46916,-0.081249,0.068294,-0.630075,-0.105723,0.064994,-0.734284,-0.116143,0.061681,-0.826581,-0.123693
YES,0.0,0.0,0.0,-0.179836,-0.045866,-0.061598,-0.317634,-0.162667,-0.090686,-0.388587,-0.307421,-0.116782,-0.429871,-0.442134,-0.139716,-0.233791,-0.461189,-0.020266,-0.296125,-0.653833,-0.056419,-0.324882,-0.771346,-0.094118,-0.342855,-0.878004,-0.122753,-0.137975,-0.51708,-0.020337,-0.169858,-0.732581,-0.042364,-0.188046,-0.867546,-0.071074,-0.200601,-0.974997,-0.095607,-0.044059,-0.524442,-0.032613,-0.065437,-0.72232,-0.054607,-0.080847,-0.84724,-0.078706,-0.095931,-0.951132,-0.098268,0.050242,-0.496237,-0.052834,0.044806,-0.657191,-0.072302,0.034149,-0.759731,-0.083941,0.022043,-0.853069,-0.092974
YES,0.0,0.0,0.0,-0.162077,-0.058006,-0.054214,-0.28813,-0.18246,-0.081124,-0.358489,-0.321541,-0.105922,-0.402837,-0.438593,-0.128687,-0.201084,-0.466876,-0.026217,-0.259736,-0.657124,-0.064604,-0.287506,-0.775336,-0.103409,-0.304066,-0.882523,-0.133379,-0.116253,-0.515552,-0.029629,-0.145294,-0.729808,-0.055895,-0.160086,-0.866567,-0.086158,-0.170285,-0.979056,-0.111592,-0.030861,-0.514959,-0.043413,-0.047806,-0.711393,-0.067993,-0.057307,-0.840757,-0.095932,-0.066041,-0.948878,-0.118457,0.0555,-0.477173,-0.064145,0.061566,-0.633926,-0.085372,0.061154,-0.736269,-0.100652,0.061465,-0.828061,-0.112897
YES,0.0,0.0,0.0,-0.150883,-0.049347,-0.102242,-0.270354,-0.178294,-0.167676,-0.358488,-0.321271,-0.222561,-0.437706,-0.436747,-0.278194,-0.165753,-0.431174,-0.12195,-0.210138,-0.622973,-0.196687,-0.233899,-0.758112,-0.255896,-0.248687,-0.878236,-0.298028,-0.068742,-0.466466,-0.111663,-0.068745,-0.684119,-0.17111,-0.077379,-0.832845,-0.214738,-0.085182,-0.965156,-0.247422,0.022098,-0.447193,-0.111679,0.033828,-0.654023,-0.163456,0.035065,-0.780687,-0.195274,0.0317,-0.893815,-0.217761,0.104842,-0.388362,-0.121104,0.143546,-0.537612,-0.163538,0.162911,-0.631248,-0.18336,0.174894,-0.717096,-0.19659
YES,0.0,0.0,0.0,-0.20654,0.021196,-0.13791,-0.404158,-0.117006,-0.230339,-0.550692,-0.271092,-0.31023,-0.68666,-0.403764,-0.392746,-0.240915,-0.367338,-0.210192,-0.305931,-0.579045,-0.31069,-0.337005,-0.713754,-0.373136,-0.351909,-0.83789,-0.417253,-0.066498,-0.448222,-0.206183,-0.032092,-0.731726,-0.316778,0.00529,-0.698537,-0.365038,0.0396,-0.629942,-0.387466,0.079738,-0.466228,-0.209472,0.140122,-0.68152,-0.323955,0.176699,-0.612419,-0.340147,0.201099,-0.529771,-0.335267,0.198652,-0.437663,-0.222101,0.273959,-0.588816,-0.312629,0.312221,-0.526135,-0.318825,0.333897,-0.439063,-0.311908
YES,0.0,0.0,0.0,-0.249113,0.077381,-0.168497,-0.482393,-0.074196,-0.288573,-0.642267,-0.213648,-0.389122,-0.795989,-0.351403,-0.492867,-0.28361,-0.265742,-0.338346,-0.299796,-0.354403,-0.488733,-0.250529,-0.306261,-0.578725,-0.174774,-0.277931,-0.638439,-0.070942,-0.332218,-0.335442,-0.050302,-0.442718,-0.485935,0.0332,-0.420871,-0.562009,0.139395,-0.37018,-0.618487,0.107622,-0.347459,-0.337246,0.156633,-0.481188,-0.504625,0.25946,-0.459928,-0.56013,0.360431,-0.434497,-0.591256,0.243814,-0.31607,-0.346679,0.352258,-0.409929,-0.500436,0.464724,-0.380109,-0.543823,0.563192,-0.340771,-0.566199
YES,0.0,0.0,0.0,-0.265913,0.048429,-0.149764,-0.487417,-0.091055,-0.25785,-0.648165,-0.244049,-0.352866,-0.80646,-0.378855,-0.453973,-0.259036,-0.356555,-0.253178,-0.269475,-0.468678,-0.359547,-0.231335,-0.463444,-0.434651,-0.165361,-0.474967,-0.490875,-0.051743,-0.422708,-0.248857,-0.006662,-0.562413,-0.345682,0.07217,-0.557877,-0.408302,0.173534,-0.518094,-0.462647,0.121551,-0.422527,-0.250928,0.195305,-0.558948,-0.359466,0.286913,-0.547296,-0.412867,0.381583,-0.508055,-0.452289,0.260685,-0.374124,-0.262517,0.363452,-0.482407,-0.364708,0.453062,-0.46145,-0.400699,0.536587,-0.413089,-0.424842
YES,0.0,0.0,0.0,-0.168132,-0.050689,-0.090968,-0.309556,-0.184045,-0.152779,-0.419099,-0.313851,-0.207799,-0.520291,-0.40989,-0.265894,-0.186453,-0.415908,-0.118439,-0.231181,-0.616258,-0.18489,-0.253527,-0.762788,-0.236562,-0.270266,-0.886726,-0.275091,-0.06152,-0.464709,-0.118358,-0.044275,-0.705801,-0.173114,-0.05227,-0.856384,-0.213537,-0.069518,-0.966873,-0.245611,0.047501,-0.454167,-0.126716,0.073147,-0.676971,-0.176016,0.064867,-0.798958,-0.207477,0.042217,-0.890013,-0.230693,0.142749,-0.403423,-0.143605,0.19187,-0.573347,-0.184172,0.209285,-0.669515,-0.202031,0.206022,-0.744902,-0.215499
YES,0.0,0.0,0.0,-0.158446,-0.054968,-0.062508,-0.274177,-0.198634,-0.095569,-0.328838,-0.34534,-0.123954,-0.378581,-0.46319,-0.150815,-0.18941,-0.46547,-0.05184,-0.225138,-0.659971,-0.096197,-0.240972,-0.780817,-0.13564,-0.250906,-0.890875,-0.165909,-0.099981,-0.498231,-0.05249,-0.114616,-0.714411,-0.088773,-0.12381,-0.853031,-0.122528,-0.130142,-0.980257,-0.14886,-0.014275,-0.483639,-0.062097,-0.015342,-0.687185,-0.096825,-0.020506,-0.813386,-0.12554,-0.029354,-0.92614,-0.146227,0.070894,-0.433058,-0.078119,0.080813,-0.591092,-0.108203,0.079505,-0.693446,-0.125476,0.072854,-0.788963,-0.137459
YES,0.0,0.0,0.0,-0.163625,-0.058114,-0.060094,-0.286676,-0.188594,-0.091883,-0.348862,-0.329771,-0.120601,-0.388981,-0.453315,-0.147185,-0.195858,-0.461291,-0.042409,-0.233999,-0.661514,-0.08655,-0.248029,-0.780762,-0.125916,-0.255939,-0.88901,-0.155351,-0.111886,-0.500856,-0.044046,-0.138735,-0.717776,-0.07916,-0.154857,-0.85466,-0.112006,-0.165959,-0.976467,-0.13773,-0.027431,-0.499177,-0.055591,-0.047485,-0.697401,-0.086382,-0.061726,-0.823946,-0.113423,-0.07523,-0.936149,-0.133547,0.05933,-0.464434,-0.074407,0.049991,-0.627996,-0.101104,0.037536,-0.730117,-0.117046,0.026224,-0.823844,-0.128183
YES,0.0,0.0,0.0,-0.178575,-0.043732,-0.062451,-0.313034,-0.166423,-0.09168,-0.385443,-0.31136,-0.117218,-0.43158,-0.435267,-0.139936,-0.214745,-0.458001,-0.028872,-0.251643,-0.667831,-0.06435,-0.265325,-0.791294,-0.100319,-0.274283,-0.899674,-0.128113,-0.131355,-0.498635,-0.027501,-0.163288,-0.721795,-0.05185,-0.183436,-0.859358,-0.081788,-0.200657,-0.973872,-0.106346,-0.045823,-0.500234,-0.037351,-0.07386,-0.707811,-0.059724,-0.094752,-0.831487,-0.086389,-0.114711,-0.937701,-0.107498,0.045877,-0.46925,-0.055273,0.028026,-0.635897,-0.077474,0.007862,-0.734671,-0.094291,-0.009436,-0.825239,-0.106752
YES,0.0,0.0,0.0,-0.168059,-0.053116,-0.057189,-0.299241,-0.185809,-0.086134,-0.371503,-0.325368,-0.112039,-0.426373,-0.434065,-0.136099,-0.201322,-0.463023,-0.035011,-0.234342,-0.669787,-0.072371,-0.24541,-0.792861,-0.109162,-0.252422,-0.900534,-0.137341,-0.120453,-0.499746,-0.036908,-0.147875,-0.720971,-0.063822,-0.163448,-0.860017,-0.094252,-0.175586,-0.977275,-0.118759,-0.038088,-0.49866,-0.048558,-0.062976,-0.704632,-0.072492,-0.077171,-0.827976,-0.099029,-0.090646,-0.932071,-0.11973,0.047887,-0.4655,-0.067494,0.032608,-0.63197,-0.09022,0.016314,-0.729515,-0.105737,0.00257,-0.816139,-0.116993
YES,0.0,0.0,0.0,-0.162173,-0.05527,-0.080895,-0.284628,-0.188912,-0.13009,-0.363085,-0.327047,-0.172379,-0.429386,-0.445783,-0.214096,-0.174406,-0.456585,-0.07536,-0.195975,-0.655998,-0.127614,-0.206693,-0.783379,-0.173471,-0.214867,-0.893298,-0.207135,-0.080211,-0.48469,-0.069929,-0.089642,-0.700632,-0.110509,-0.101758,-0.848994,-0.147556,-0.112829,-0.977735,-0.176929,0.007353,-0.469305,-0.074831,0.00597,-0.676696,-0.110926,-0.00518,-0.805964,-0.139702,-0.020953,-0.917318,-0.161006,0.091745,-0.42092,-0.088,0.10098,-0.589033,-0.120728,0.091314,-0.692629,-0.138504,0.072929,-0.785591,-0.150585
YES,0.0,0.0,0.0,-0.233667,-0.057424,-0.083758,-0.422685,-0.21404,-0.157859,-0.566262,-0.372932,-0.228653,-0.691936,-0.479378,-0.293959,-0.262584,-0.630654,-0.100961,-0.286983,-0.834947,-0.171843,-0.269696,-0.733116,-0.221637,-0.241786,-0.614161,-0.249178,-0.099514,-0.686147,-0.101687,-0.112753,-0.981637,-0.153871,-0.113293,-0.866559,-0.17778,-0.098807,-0.723622,-0.187857,0.050766,-0.685255,-0.10966,0.029653,-0.95761,-0.144962,0.024012,-0.844327,-0.13676,0.029863,-0.715332,-0.128345,0.187407,-0.639761,-0.126237,0.159962,-0.854549,-0.146907,0.145979,-0.768084,-0.125229,0.147531,-0.659096,-0.103902
YES,0.0,0.0,0.0,-0.259985,0.064404,-0.148385,-0.509429,-0.087885,-0.244685,-0.683896,-0.222983,-0.325901,-0.845988,-0.350031,-0.402223,-0.294153,-0.461304,-0.194799,-0.260046,-0.470697,-0.290577,-0.207025,-0.365642,-0.35477,-0.151173,-0.321831,-0.404951,-0.088695,-0.520774,-0.187817,-0.038142,-0.496339,-0.263468,0.044694,-0.449494,-0.30613,0.137464,-0.463744,-0.349929,0.084855,-0.499209,-0.19319,0.13449,-0.503985,-0.282648,0.212784,-0.465597,-0.2968,0.292417,-0.495734,-0.312512,0.229981,-0.437418,-0.21129,0.286617,-0.473379,-0.284795,0.335253,-0.436083,-0.283359,0.381532,-0.450847,-0.28347
YES,0.0,0.0,0.0,-0.26875,0.048687,-0.147466,-0.514026,-0.120201,-0.241332,-0.684282,-0.25386,-0.319821,-0.837454,-0.377727,-0.394959,-0.304615,-0.434805,-0.219092,-0.275745,-0.460598,-0.325939,-0.202333,-0.364286,-0.391914,-0.127654,-0.327948,-0.441048,-0.090692,-0.493154,-0.213621,-0.047434,-0.496889,-0.300677,0.040066,-0.45566,-0.343247,0.135478,-0.462415,-0.385145,0.086947,-0.47707,-0.219378,0.134685,-0.506185,-0.318434,0.21084,-0.476562,-0.331786,0.285805,-0.507932,-0.345379,0.23512,-0.420933,-0.2371,0.296516,-0.462417,-0.315273,0.349742,-0.438214,-0.314782,0.398203,-0.462213,-0.31596
YES,0.0,0.0,0.0,-0.199904,-0.062945,-0.100006,-0.363384,-0.23563,-0.173458,-0.493688,-0.395484,-0.244633,-0.621754,-0.502107,-0.312927,-0.198724,-0.655086,-0.082863,-0.186641,-0.935893,-0.158602,-0.195227,-0.956258,-0.217846,-0.202772,-0.917176,-0.253281,-0.04357,-0.67629,-0.083391,-0.026988,-0.965897,-0.132156,-0.037124,-0.964356,-0.168437,-0.042502,-0.932494,-0.193492,0.097495,-0.644124,-0.098247,0.12138,-0.910477,-0.143547,0.102925,-0.879788,-0.146047,0.089251,-0.838513,-0.14863,0.223532,-0.571861,-0.124494,0.241954,-0.752853,-0.157969,0.225039,-0.691207,-0.143824,0.21058,-0.616743,-0.130935
YES,0.0,0.0,0.0,-0.150573,-0.068126,-0.069381,-0.259589,-0.211226,-0.113189,-0.332935,-0.348406,-0.152865,-0.407583,-0.452978,-0.192262,-0.156055,-0.481717,-0.061646,-0.166286,-0.671718,-0.111372,-0.168216,-0.791276,-0.156243,-0.169005,-0.898975,-0.1905,-0.073682,-0.505706,-0.062488,-0.078395,-0.716579,-0.103147,-0.084486,-0.855635,-0.140077,-0.089293,-0.981539,-0.169141,0.004465,-0.483533,-0.072922,0.004176,-0.686013,-0.109554,0.001208,-0.812675,-0.139036,-0.006785,-0.923893,-0.161135,0.081628,-0.422978,-0.090955,0.088414,-0.582017,-0.123833,0.081521,-0.686435,-0.142909,0.067983,-0.783677,-0.156671
YES,0.0,0.0,0.0,-0.163744,-0.056795,-0.060412,-0.28999,-0.199381,-0.09051,-0.360733,-0.33814,-0.116965,-0.422683,-0.432446,-0.141927,-0.195424,-0.482111,-0.038097,-0.222654,-0.685561,-0.080627,-0.227703,-0.809086,-0.122875,-0.230229,-0.915182,-0.154749,-0.116867,-0.516274,-0.038004,-0.139678,-0.735565,-0.065985,-0.148355,-0.868065,-0.094418,-0.154552,-0.980906,-0.118051,-0.036805,-0.512698,-0.048374,-0.059454,-0.716547,-0.071494,-0.067607,-0.834435,-0.091607,-0.074454,-0.932826,-0.108296,0.049406,-0.474481,-0.067136,0.030943,-0.639509,-0.086468,0.016258,-0.731706,-0.095604,0.005797,-0.812308,-0.10297
YES,0.0,0.0,0.0,-0.164305,-0.056398,-0.055848,-0.295081,-0.197732,-0.080165,-0.37049,-0.338327,-0.102926,-0.443274,-0.419209,-0.124528,-0.200497,-0.479831,-0.020433,-0.233927,-0.688092,-0.050723,-0.243129,-0.809232,-0.084141,-0.248686,-0.913596,-0.111091,-0.121383,-0.516233,-0.022068,-0.150041,-0.736523,-0.043091,-0.16577,-0.871892,-0.071399,-0.178178,-0.979364,-0.095385,-0.039716,-0.513688,-0.034239,-0.065891,-0.717555,-0.053175,-0.081712,-0.840218,-0.079465,-0.09841,-0.940233,-0.100907,0.047686,-0.477531,-0.054313,0.031353,-0.646818,-0.072044,0.010356,-0.745709,-0.086001,-0.01178,-0.83035,-0.097427
YES,0.0,0.0,0.0,-0.154583,-0.059938,-0.063805,-0.269041,-0.202391,-0.102057,-0.341312,-0.337511,-0.136468,-0.41965,-0.430361,-0.170604,-0.168092,-0.488643,-0.05285,-0.181195,-0.684494,-0.096317,-0.183466,-0.80681,-0.137255,-0.184937,-0.91528,-0.16947,-0.084435,-0.514661,-0.055088,-0.089006,-0.729153,-0.088505,-0.093802,-0.864733,-0.121436,-0.099856,-0.983902,-0.148207,-0.005121,-0.494388,-0.066478,-0.011435,-0.697954,-0.097624,-0.01679,-0.821247,-0.125229,-0.02653,-0.928153,-0.146825,0.072941,-0.437251,-0.085207,0.072748,-0.596476,-0.115106,0.063065,-0.698647,-0.132981,0.049178,-0.791653,-0.146091
YES,0.0,0.0,0.0,-0.15646,-0.086727,-0.088866,-0.280318,-0.238913,-0.145701,-0.377341,-0.376496,-0.19678,-0.468506,-0.480035,-0.249375,-0.114783,-0.496799,-0.077731,-0.105998,-0.679867,-0.134073,-0.096621,-0.792819,-0.185111,-0.088898,-0.88877,-0.224012,-0.007759,-0.512099,-0.075256,0.021227,-0.726696,-0.119506,0.022316,-0.861687,-0.159701,0.019672,-0.980712,-0.194464,0.083539,-0.48256,-0.084994,0.117685,-0.683398,-0.128026,0.114073,-0.801171,-0.158689,0.10049,-0.90686,-0.183518,0.165202,-0.41657,-0.104307,0.19431,-0.56892,-0.140106,0.188081,-0.659978,-0.157906,0.167093,-0.746065,-0.173188
YES,0.0,0.0,0.0,-0.264327,0.025778,-0.157952,-0.494439,-0.144142,-0.252909,-0.653468,-0.315966,-0.331677,-0.790473,-0.459703,-0.404754,-0.280412,-0.405735,-0.193245,-0.181682,-0.401388,-0.303275,-0.080939,-0.307892,-0.380514,0.01148,-0.249181,-0.431017,-0.077337,-0.454999,-0.17729,0.02087,-0.486443,-0.260804,0.113592,-0.472692,-0.310252,0.206909,-0.48552,-0.352774,0.074322,-0.450039,-0.175556,0.157994,-0.511445,-0.262965,0.225851,-0.48265,-0.27823,0.285217,-0.487832,-0.286311,0.191583,-0.425593,-0.187743,0.252592,-0.503667,-0.242233,0.294876,-0.493641,-0.230755,0.331918,-0.501554,-0.221319
YES,0.0,0.0,0.0,-0.253627,0.051492,-0.179648,-0.491251,-0.120479,-0.271791,-0.65528,-0.278196,-0.339653,-0.813115,-0.426018,-0.396676,-0.272153,-0.383145,-0.231185,-0.180002,-0.334186,-0.354838,-0.064133,-0.230046,-0.428271,0.043942,-0.191864,-0.474885,-0.074117,-0.425188,-0.209422,0.046972,-0.340146,-0.325519,0.174447,-0.307557,-0.385372,0.296629,-0.325756,-0.428413,0.079512,-0.400281,-0.200469,0.193933,-0.330941,-0.334556,0.293325,-0.308068,-0.359595,0.369333,-0.342194,-0.364653,0.19629,-0.349416,-0.204191,0.290461,-0.329334,-0.304718,0.351519,-0.301249,-0.309094,0.402999,-0.312211,-0.303344
YES,0.0,0.0,0.0,-0.259937,0.027751,-0.154283,-0.487119,-0.165212,-0.243448,-0.654152,-0.3197,-0.313714,-0.798526,-0.470102,-0.375979,-0.249879,-0.439282,-0.202013,-0.171206,-0.369449,-0.291042,-0.125194,-0.245401,-0.344923,-0.090029,-0.20081,-0.386,-0.054424,-0.487087,-0.184909,0.021353,-0.3745,-0.246045,0.088829,-0.321746,-0.278869,0.159473,-0.345817,-0.31872,0.102257,-0.465164,-0.17941,0.180017,-0.38708,-0.256483,0.243808,-0.342499,-0.264518,0.300758,-0.379443,-0.277024,0.227518,-0.416386,-0.187702,0.297738,-0.414131,-0.250344,0.341565,-0.367686,-0.242104,0.381089,-0.375531,-0.237991
YES,0.0,0.0,0.0,-0.164109,-0.062953,-0.0831,-0.297283,-0.221691,-0.13497,-0.398223,-0.364515,-0.181279,-0.492905,-0.464773,-0.229092,-0.162651,-0.477208,-0.077849,-0.171976,-0.684359,-0.133005,-0.179235,-0.811256,-0.17975,-0.187586,-0.920907,-0.21421,-0.038028,-0.507824,-0.077546,-0.021026,-0.735918,-0.116987,-0.031039,-0.86835,-0.15169,-0.046056,-0.982319,-0.181463,0.068726,-0.496912,-0.087892,0.081894,-0.712734,-0.126126,0.068013,-0.837565,-0.149674,0.045501,-0.944394,-0.168647,0.161301,-0.457261,-0.10714,0.168783,-0.631735,-0.136722,0.155107,-0.723156,-0.145248,0.129109,-0.801124,-0.153014
YES,0.0,0.0,0.0,-0.152915,-0.07194,-0.060971,-0.261703,-0.218148,-0.093033,-0.317874,-0.365069,-0.121865,-0.369059,-0.481247,-0.149814,-0.168521,-0.478821,-0.042019,-0.194078,-0.677404,-0.08437,-0.203568,-0.798006,-0.123552,-0.207905,-0.905991,-0.154111,-0.085575,-0.506966,-0.043252,-0.092175,-0.72622,-0.078215,-0.096016,-0.864895,-0.111633,-0.097895,-0.985604,-0.137843,-0.007274,-0.488957,-0.054223,-0.013655,-0.69678,-0.087413,-0.021815,-0.826015,-0.116268,-0.030176,-0.936452,-0.137502,0.072039,-0.434893,-0.07208,0.067629,-0.599238,-0.102357,0.052574,-0.70191,-0.120486,0.037292,-0.794391,-0.133347
YES,0.0,0.0,0.0,-0.174334,-0.061344,-0.059792,-0.304205,-0.202536,-0.085951,-0.36516,-0.361154,-0.108714,-0.401704,-0.488673,-0.128092,-0.207011,-0.477474,-0.023477,-0.252545,-0.675074,-0.062313,-0.272827,-0.79211,-0.101506,-0.284929,-0.896231,-0.130871,-0.125119,-0.51981,-0.021851,-0.154122,-0.741253,-0.048085,-0.170883,-0.871814,-0.076668,-0.182583,-0.978086,-0.100052,-0.042545,-0.520686,-0.031675,-0.072106,-0.725079,-0.055051,-0.090353,-0.844901,-0.077421,-0.105984,-0.940312,-0.094843,0.045571,-0.486227,-0.049547,0.024957,-0.655375,-0.068175,0.004669,-0.755421,-0.079325,-0.012945,-0.839806,-0.087813
YES,0.0,0.0,0.0,-0.184936,-0.05281,-0.053807,-0.31723,-0.184257,-0.076697,-0.384841,-0.334491,-0.097431,-0.426619,-0.466367,-0.114215,-0.228847,-0.467104,-0.005856,-0.273929,-0.670105,-0.039231,-0.294478,-0.789257,-0.075634,-0.308474,-0.89682,-0.102736,-0.142388,-0.508843,-0.007158,-0.172935,-0.727253,-0.026961,-0.191442,-0.863456,-0.054324,-0.206455,-0.975451,-0.076626,-0.055309,-0.511453,-0.020492,-0.086695,-0.714796,-0.039924,-0.108934,-0.840012,-0.062088,-0.12996,-0.943604,-0.078875,0.037867,-0.482462,-0.04144,0.015496,-0.650008,-0.058104,-0.010223,-0.752254,-0.067763,-0.033033,-0.843785,-0.074766
YES,0.0,0.0,0.0,-0.153708,-0.067307,-0.053841,-0.269788,-0.227712,-0.079108,-0.329807,-0.375066,-0.101987,-0.387281,-0.482663,-0.124781,-0.171116,-0.490922,-0.034147,-0.208176,-0.684211,-0.074862,-0.224565,-0.80406,-0.11473,-0.235385,-0.910609,-0.146585,-0.08771,-0.522938,-0.038653,-0.101622,-0.741011,-0.070784,-0.108273,-0.874862,-0.102949,-0.113845,-0.985026,-0.129473,-0.007404,-0.50792,-0.052787,-0.015407,-0.715106,-0.084671,-0.026204,-0.839546,-0.113781,-0.04016,-0.941706,-0.136285,0.073419,-0.456577,-0.073316,0.070803,-0.617531,-0.102969,0.058655,-0.715777,-0.12159,0.044053,-0.801409,-0.135873
YES,0.0,0.0,0.0,-0.155513,-0.081975,-0.103658,-0.274116,-0.255015,-0.166133,-0.352164,-0.426778,-0.218386,-0.427656,-0.56911,-0.270127,-0.107627,-0.493523,-0.103383,-0.10874,-0.683292,-0.170158,-0.117546,-0.805675,-0.225743,-0.130263,-0.911651,-0.265325,0.009095,-0.511131,-0.094539,0.052739,-0.73205,-0.14323,0.050819,-0.866939,-0.180998,0.038401,-0.976569,-0.211749,0.103905,-0.478368,-0.09809,0.149766,-0.682147,-0.142447,0.150177,-0.799186,-0.167088,0.137592,-0.90032,-0.186443,0.183081,-0.408613,-0.112284,0.230048,-0.562473,-0.147054,0.237172,-0.648647,-0.159215,0.22662,-0.725884,-0.169153
YES,0.0,0.0,0.0,-0.269654,0.038164,-0.168387,-0.496692,-0.122094,-0.267291,-0.64531,-0.300819,-0.34541,-0.787513,-0.456931,-0.413566,-0.266148,-0.472916,-0.209691,-0.178671,-0.339362,-0.318333,-0.097916,-0.183385,-0.394003,-0.027874,-0.077512,-0.44175,-0.069413,-0.539765,-0.18484,0.042162,-0.3462,-0.270121,0.117522,-0.229486,-0.321896,0.184867,-0.142483,-0.364961,0.088524,-0.526373,-0.172922,0.19524,-0.394651,-0.273888,0.249817,-0.32221,-0.304975,0.29721,-0.280762,-0.320161,0.213156,-0.479993,-0.174907,0.324209,-0.494565,-0.255447,0.379773,-0.453509,-0.263819,0.426372,-0.415308,-0.262463
YES,0.0,0.0,0.0,-0.24411,0.062047,-0.201446,-0.468196,-0.089777,-0.317898,-0.626985,-0.246155,-0.405885,-0.784745,-0.385708,-0.485186,-0.226189,-0.43646,-0.265553,-0.131441,-0.262064,-0.393921,-0.031488,-0.0878,-0.480631,0.070249,0.021512,-0.536057,-0.019698,-0.462703,-0.232197,0.103893,-0.296954,-0.3334,0.218117,-0.219812,-0.393769,0.3405,-0.168109,-0.446101,0.13549,-0.42162,-0.212909,0.250889,-0.297452,-0.330172,0.352406,-0.244665,-0.371759,0.455541,-0.231101,-0.396856,0.247622,-0.356018,-0.20935,0.35822,-0.313506,-0.301139,0.447048,-0.292707,-0.320021,0.543144,-0.295028,-0.329551
YES,0.0,0.0,0.0,-0.26678,0.068015,-0.179149,-0.503657,-0.096446,-0.279386,-0.658022,-0.261265,-0.354733,-0.815003,-0.401887,-0.417442,-0.283985,-0.457466,-0.234065,-0.199425,-0.312986,-0.336516,-0.136575,-0.163965,-0.396833,-0.082692,-0.067323,-0.434222,-0.0899,-0.526192,-0.202972,0.01961,-0.325746,-0.287856,0.076253,-0.225158,-0.329813,0.134494,-0.176403,-0.366216,0.07163,-0.502464,-0.183112,0.167244,-0.33699,-0.293185,0.165813,-0.219054,-0.308844,0.16904,-0.164441,-0.310315,0.199867,-0.44248,-0.177332,0.298838,-0.479522,-0.273338,0.367947,-0.444584,-0.278734,0.434597,-0.417251,-0.270765
YES,0.0,0.0,0.0,-0.142353,-0.068456,-0.089481,-0.247393,-0.206586,-0.146793,-0.319651,-0.354204,-0.196188,-0.396907,-0.46982,-0.245374,-0.142715,-0.448705,-0.101585,-0.163028,-0.65795,-0.163213,-0.177046,-0.789565,-0.210897,-0.191397,-0.902794,-0.244891,-0.050422,-0.473991,-0.095754,-0.041666,-0.702807,-0.145707,-0.048394,-0.850494,-0.183186,-0.059156,-0.975441,-0.21217,0.034053,-0.45337,-0.099692,0.04739,-0.662741,-0.142286,0.039562,-0.790807,-0.170457,0.023411,-0.901585,-0.191357,0.112399,-0.4001,-0.112575,0.132457,-0.563572,-0.148393,0.126448,-0.663193,-0.166297,0.106598,-0.75252,-0.179191
YES,0.0,0.0,0.0,-0.154883,-0.076924,-0.050345,-0.262318,-0.227347,-0.076526,-0.314356,-0.376022,-0.101589,-0.366918,-0.488488,-0.126471,-0.168826,-0.485276,-0.030461,-0.197386,-0.681283,-0.06911,-0.207112,-0.802591,-0.10785,-0.209007,-0.912182,-0.139162,-0.084031,-0.517063,-0.03533,-0.095235,-0.73286,-0.063506,-0.099493,-0.868241,-0.09527,-0.099798,-0.987389,-0.122895,-0.003897,-0.501719,-0.049191,-0.011437,-0.702402,-0.075899,-0.018839,-0.827236,-0.104186,-0.026126,-0.935826,-0.127612,0.076599,-0.448831,-0.069403,0.070992,-0.607811,-0.093669,0.05799,-0.706104,-0.109876,0.045463,-0.795269,-0.1234
YES,0.0,0.0,0.0,-0.165413,-0.079293,-0.043877,-0.285043,-0.225909,-0.061159,-0.343087,-0.376067,-0.078648,-0.391074,-0.486247,-0.094885,-0.190413,-0.492158,-0.006387,-0.230706,-0.689706,-0.036613,-0.244105,-0.804304,-0.070211,-0.250345,-0.906754,-0.09674,-0.106593,-0.529465,-0.010999,-0.129404,-0.749061,-0.030742,-0.14091,-0.87973,-0.057612,-0.148313,-0.985659,-0.080492,-0.023138,-0.524105,-0.025778,-0.046143,-0.726618,-0.045233,-0.059924,-0.847667,-0.069033,-0.072548,-0.944419,-0.087938,0.064264,-0.483536,-0.047191,0.048838,-0.650413,-0.062736,0.031484,-0.748532,-0.073369,0.01665,-0.831891,-0.082233
YES,0.0,0.0,0.0,-0.163029,-0.075186,-0.047629,-0.282533,-0.22087,-0.06797,-0.345374,-0.372166,-0.088073,-0.395484,-0.484922,-0.107389,-0.193786,-0.48313,-0.016204,-0.233916,-0.684735,-0.05111,-0.246287,-0.79973,-0.087336,-0.250706,-0.903233,-0.115447,-0.109908,-0.521416,-0.020516,-0.135345,-0.744604,-0.043554,-0.147338,-0.875762,-0.071406,-0.15559,-0.983216,-0.095283,-0.025804,-0.518159,-0.03512,-0.049675,-0.725181,-0.057139,-0.06258,-0.846077,-0.080516,-0.075006,-0.945054,-0.099284,0.061104,-0.480455,-0.056648,0.045648,-0.649985,-0.074606,0.029604,-0.746633,-0.085502,0.015782,-0.829526,-0.094633
YES,0.0,0.0,0.0,-0.146315,-0.066042,-0.071931,-0.259397,-0.208171,-0.118249,-0.337353,-0.342632,-0.160073,-0.410696,-0.444462,-0.202622,-0.151944,-0.463375,-0.075891,-0.173244,-0.657218,-0.130535,-0.183307,-0.778597,-0.176952,-0.19244,-0.885844,-0.211485,-0.064686,-0.492539,-0.076808,-0.06644,-0.708744,-0.122042,-0.077606,-0.851978,-0.160897,-0.090645,-0.977385,-0.191054,0.017152,-0.475167,-0.086636,0.020125,-0.682166,-0.125737,0.010053,-0.812298,-0.156463,-0.006339,-0.92486,-0.179346,0.093423,-0.420801,-0.103956,0.105376,-0.584656,-0.138209,0.098117,-0.688637,-0.15757,0.081373,-0.783382,-0.171513
YES,0.0,0.0,0.0,-0.220109,-0.078863,-0.109688,-0.389522,-0.264311,-0.18612,-0.522419,-0.445581,-0.260821,-0.646379,-0.577916,-0.333316,-0.197354,-0.629013,-0.073923,-0.210446,-0.804623,-0.167152,-0.207391,-0.760232,-0.248783,-0.192638,-0.697262,-0.299361,-0.038964,-0.680643,-0.073115,-0.012745,-0.926032,-0.139105,-0.016873,-0.932568,-0.19192,-0.015139,-0.910885,-0.228479,0.095082,-0.676493,-0.091188,0.133096,-0.917472,-0.144479,0.122067,-0.957869,-0.166547,0.109344,-0.977423,-0.1808,0.213419,-0.625068,-0.122403,0.245441,-0.821633,-0.149763,0.232376,-0.864798,-0.147853,0.207512,-0.890551,-0.147205
YES,0.0,0.0,0.0,-0.260404,0.037559,-0.169318,-0.489343,-0.141967,-0.256007,-0.634545,-0.325399,-0.319267,-0.79664,-0.480707,-0.366449,-0.279949,-0.510874,-0.229964,-0.167048,-0.332691,-0.324228,-0.133009,-0.169874,-0.357483,-0.127659,-0.133294,-0.378948,-0.094553,-0.567784,-0.206886,0.038419,-0.31856,-0.306904,0.055535,-0.157506,-0.332964,0.061308,-0.132065,-0.353669,0.074674,-0.533124,-0.194175,0.18868,-0.388442,-0.330923,0.192461,-0.22925,-0.338571,0.177502,-0.177653,-0.32776,0.220553,-0.459535,-0.191413,0.297634,-0.524573,-0.306446,0.338511,-0.512122,-0.315913,0.373913,-0.525031,-0.307038
YES,0.0,0.0,0.0,-0.261527,0.016162,-0.166561,-0.475721,-0.150315,-0.269266,-0.627874,-0.313979,-0.350176,-0.786785,-0.4571,-0.414764,-0.269329,-0.520302,-0.218661,-0.191415,-0.363323,-0.321129,-0.143929,-0.210222,-0.367479,-0.098621,-0.168301,-0.401044,-0.079277,-0.548048,-0.200908,0.019931,-0.326409,-0.301592,0.034498,-0.194347,-0.33848,0.062614,-0.201939,-0.368314,0.082766,-0.482447,-0.194969,0.174653,-0.31809,-0.316169,0.172249,-0.197351,-0.321969,0.175618,-0.213583,-0.318265,0.212368,-0.37152,-0.201809,0.300051,-0.366772,-0.301625,0.365464,-0.36718,-0.310865,0.438433,-0.433032,-0.308106
YES,0.0,0.0,0.0,-0.258197,0.018999,-0.154943,-0.478047,-0.149347,-0.253763,-0.62505,-0.333406,-0.33512,-0.776511,-0.484439,-0.402925,-0.279863,-0.561539,-0.188071,-0.18579,-0.436842,-0.281636,-0.156627,-0.277298,-0.334077,-0.140163,-0.233674,-0.372777,-0.081828,-0.634552,-0.17272,0.020282,-0.419328,-0.261695,0.023334,-0.252653,-0.298083,0.028154,-0.224637,-0.326405,0.093493,-0.61597,-0.168892,0.185572,-0.51319,-0.27214,0.196347,-0.395056,-0.279083,0.202009,-0.376617,-0.277877,0.238395,-0.560106,-0.177074,0.312797,-0.576233,-0.262308,0.33832,-0.506253,-0.261743,0.357033,-0.492753,-0.250833
YES,0.0,0.0,0.0,-0.15142,-0.05862,-0.087131,-0.270586,-0.195673,-0.14028,-0.351191,-0.3422,-0.186004,-0.42974,-0.455739,-0.231631,-0.173464,-0.439839,-0.096532,-0.203623,-0.648592,-0.155332,-0.21976,-0.78298,-0.201236,-0.233536,-0.899938,-0.235093,-0.079017,-0.47392,-0.090384,-0.080332,-0.70287,-0.137914,-0.089534,-0.850029,-0.173668,-0.100306,-0.974167,-0.202331,0.010237,-0.461193,-0.094068,0.011978,-0.671012,-0.134856,9.8e-05,-0.797335,-0.161589,-0.018116,-0.906367,-0.182247,0.096404,-0.414338,-0.106812,0.108396,-0.580085,-0.141795,0.097729,-0.676583,-0.159251,0.073144,-0.762206,-0.172286
YES,0.0,0.0,0.0,-0.158198,-0.060263,-0.056599,-0.271628,-0.205471,-0.085602,-0.335817,-0.348889,-0.111645,-0.399435,-0.456822,-0.137081,-0.187907,-0.473414,-0.03703,-0.220698,-0.671074,-0.076145,-0.233872,-0.791957,-0.113612,-0.241792,-0.902221,-0.143306,-0.106456,-0.503377,-0.039656,-0.12218,-0.719817,-0.070783,-0.13166,-0.85696,-0.103323,-0.138329,-0.98189,-0.129448,-0.028308,-0.485788,-0.05139,-0.039108,-0.687673,-0.081761,-0.049247,-0.81275,-0.110265,-0.059706,-0.92373,-0.131812,0.051032,-0.432918,-0.069553,0.042544,-0.592977,-0.098172,0.028623,-0.692197,-0.115342,0.015984,-0.783706,-0.127859
YES,0.0,0.0,0.0,-0.168584,-0.063151,-0.049497,-0.29406,-0.201203,-0.072635,-0.360779,-0.346282,-0.095512,-0.415134,-0.45374,-0.117593,-0.208865,-0.475546,-0.018728,-0.25322,-0.672543,-0.056155,-0.269858,-0.787425,-0.094729,-0.27889,-0.890833,-0.124639,-0.129088,-0.515154,-0.024377,-0.159553,-0.737707,-0.051892,-0.175392,-0.867934,-0.082623,-0.18549,-0.976667,-0.108236,-0.047954,-0.514586,-0.040524,-0.076839,-0.723613,-0.065961,-0.096054,-0.846851,-0.092013,-0.112487,-0.949048,-0.112534,0.038878,-0.479976,-0.06363,0.017881,-0.654372,-0.083873,-0.002567,-0.755458,-0.096913,-0.01965,-0.844495,-0.107791
YES,0.0,0.0,0.0,-0.158594,-0.056062,-0.057413,-0.27759,-0.18988,-0.084212,-0.34197,-0.336368,-0.10825,-0.389167,-0.451857,-0.130305,-0.20473,-0.47246,-0.026448,-0.252647,-0.666382,-0.063371,-0.274908,-0.781872,-0.10072,-0.288861,-0.889787,-0.130629,-0.124529,-0.511789,-0.027336,-0.154859,-0.724536,-0.055796,-0.17263,-0.856767,-0.087258,-0.185484,-0.976076,-0.113452,-0.045237,-0.503936,-0.038674,-0.068536,-0.701191,-0.067956,-0.089463,-0.827691,-0.097144,-0.110043,-0.939237,-0.119242,0.038038,-0.459862,-0.056948,0.020296,-0.623594,-0.084346,-0.000814,-0.723642,-0.102342,-0.021348,-0.815907,-0.115754
YES,0.0,0.0,0.0,-0.155957,-0.031752,-0.087595,-0.280218,-0.144643,-0.141794,-0.348385,-0.279232,-0.186313,-0.378322,-0.418702,-0.230051,-0.190453,-0.395556,-0.113381,-0.245552,-0.611707,-0.182724,-0.27825,-0.754696,-0.23383,-0.298475,-0.875661,-0.268709,-0.091725,-0.440686,-0.105812,-0.117416,-0.677094,-0.159409,-0.144345,-0.831341,-0.19805,-0.166947,-0.959555,-0.226676,-0.001065,-0.437565,-0.106955,-0.013072,-0.661092,-0.150785,-0.035646,-0.79897,-0.176756,-0.059684,-0.912021,-0.195151,0.083554,-0.398217,-0.116229,0.077986,-0.568638,-0.155925,0.05551,-0.674486,-0.173111,0.025188,-0.761766,-0.182769
YES,0.0,0.0,0.0,-0.281967,0.051453,-0.181762,-0.531997,-0.115304,-0.292013,-0.665512,-0.267393,-0.381245,-0.781361,-0.434087,-0.448379,-0.389596,-0.551387,-0.243592,-0.355514,-0.384277,-0.391376,-0.303711,-0.118205,-0.462121,-0.241646,-0.013309,-0.496171,-0.164667,-0.622658,-0.221462,-0.061841,-0.347504,-0.347007,-0.04772,-0.095143,-0.367673,-0.02943,-0.030328,-0.375388,0.025402,-0.617487,-0.217442,0.132407,-0.351996,-0.361532,0.123074,-0.132558,-0.346911,0.117496,-0.085159,-0.316315,0.191368,-0.588413,-0.228776,0.266862,-0.484258,-0.324426,0.255023,-0.327228,-0.306257,0.243704,-0.269651,-0.276187
YES,0.0,0.0,0.0,-0.265663,0.087073,-0.177652,-0.514346,0.023117,-0.31041,-0.671712,-0.053842,-0.429318,-0.827214,-0.148727,-0.541846,-0.337235,-0.339159,-0.307366,-0.301433,-0.085466,-0.527324,-0.228221,0.216772,-0.681572,-0.147926,0.458877,-0.757063,-0.069522,-0.383793,-0.311512,0.044614,-0.097736,-0.515416,0.153624,0.152009,-0.615663,0.231837,0.360302,-0.668253,0.16066,-0.373396,-0.327276,0.285774,-0.117,-0.543004,0.391529,0.093881,-0.59065,0.449682,0.254718,-0.586482,0.338055,-0.334582,-0.352532,0.458983,-0.205082,-0.502956,0.558765,-0.089269,-0.510364,0.626591,0.013474,-0.489912
YES,0.0,0.0,0.0,-0.263302,0.08118,-0.167557,-0.501683,0.01239,-0.298625,-0.660073,-0.06488,-0.417428,-0.835806,-0.131639,-0.533009,-0.347664,-0.354886,-0.290556,-0.315574,-0.100153,-0.511179,-0.244598,0.196549,-0.67326,-0.165339,0.43764,-0.755125,-0.083565,-0.389216,-0.300891,0.01492,-0.137331,-0.493817,0.11847,0.087431,-0.59807,0.202207,0.275136,-0.657234,0.147661,-0.363534,-0.323668,0.26379,-0.141728,-0.5278,0.37805,0.034391,-0.584952,0.455626,0.164088,-0.59192,0.333798,-0.310891,-0.355242,0.442151,-0.185931,-0.492767,0.539843,-0.100665,-0.504586,0.612722,-0.031377,-0.492452
YES,0.0,0.0,0.0,-0.268682,0.055503,-0.169524,-0.528703,-0.069119,-0.287806,-0.682644,-0.214766,-0.379921,-0.813212,-0.371324,-0.448113,-0.404917,-0.576867,-0.282566,-0.419465,-0.442284,-0.427454,-0.376906,-0.175219,-0.486617,-0.32278,-0.095249,-0.515057,-0.171975,-0.69944,-0.260548,-0.100701,-0.40396,-0.377708,-0.091468,-0.141501,-0.378894,-0.080862,-0.102129,-0.377436,0.029793,-0.738113,-0.251276,0.111014,-0.433306,-0.376188,0.090274,-0.212342,-0.339913,0.076744,-0.180293,-0.303794,0.204741,-0.743852,-0.256358,0.267428,-0.5356,-0.339167,0.236634,-0.336613,-0.314421,0.207774,-0.292734,-0.282284
YES,0.0,0.0,0.0,-0.148106,-0.036607,-0.085336,-0.271829,-0.148723,-0.140544,-0.34207,-0.277838,-0.187257,-0.375016,-0.415963,-0.233618,-0.192912,-0.407226,-0.103813,-0.245556,-0.608698,-0.174784,-0.275984,-0.744868,-0.229063,-0.294521,-0.862243,-0.266745,-0.087211,-0.45034,-0.101577,-0.106537,-0.674859,-0.157544,-0.125843,-0.827948,-0.20074,-0.141415,-0.962132,-0.233031,0.010048,-0.439285,-0.108777,0.004655,-0.651078,-0.157676,-0.010524,-0.785993,-0.185908,-0.028023,-0.902585,-0.205852,0.102434,-0.387562,-0.123722,0.109314,-0.551737,-0.167264,0.099934,-0.653916,-0.183412,0.083271,-0.739786,-0.192311
YES,0.0,0.0,0.0,-0.149948,-0.064785,-0.066377,-0.257069,-0.205842,-0.099867,-0.302927,-0.350642,-0.128874,-0.325548,-0.479802,-0.155191,-0.176344,-0.468765,-0.044437,-0.21699,-0.660493,-0.090766,-0.234788,-0.778734,-0.131851,-0.24391,-0.887864,-0.163212,-0.092694,-0.502979,-0.044368,-0.106506,-0.719357,-0.082859,-0.113874,-0.857423,-0.117144,-0.117573,-0.982674,-0.143278,-0.014303,-0.488726,-0.055033,-0.02329,-0.689866,-0.092003,-0.032103,-0.817878,-0.120633,-0.039915,-0.931507,-0.140618,0.065676,-0.436169,-0.073062,0.058363,-0.597255,-0.105986,0.0473,-0.698243,-0.123644,0.036442,-0.791103,-0.13537
YES,0.0,0.0,0.0,-0.15737,-0.061989,-0.063969,-0.276007,-0.199572,-0.09481,-0.324079,-0.353675,-0.122638,-0.33619,-0.48637,-0.147673,-0.190797,-0.46957,-0.036653,-0.234117,-0.665311,-0.082787,-0.254219,-0.783755,-0.124991,-0.26648,-0.89033,-0.156324,-0.107435,-0.507065,-0.036101,-0.129537,-0.730464,-0.071752,-0.141754,-0.864144,-0.104047,-0.149455,-0.980235,-0.129628,-0.026293,-0.503842,-0.047047,-0.048396,-0.708656,-0.079437,-0.061872,-0.835561,-0.105207,-0.073266,-0.943852,-0.124178,0.05834,-0.464075,-0.065994,0.042311,-0.63668,-0.092524,0.026942,-0.736856,-0.106662,0.013239,-0.823219,-0.116867
YES,0.0,0.0,0.0,-0.150986,-0.059675,-0.072426,-0.265362,-0.191191,-0.109383,-0.319006,-0.341068,-0.141047,-0.34276,-0.471328,-0.168771,-0.194543,-0.470609,-0.047466,-0.241749,-0.662291,-0.093678,-0.264037,-0.778282,-0.135434,-0.277328,-0.885625,-0.167341,-0.110779,-0.511325,-0.042338,-0.132519,-0.724116,-0.079645,-0.142534,-0.857821,-0.113087,-0.1475,-0.979202,-0.139313,-0.031351,-0.503237,-0.04859,-0.04802,-0.697706,-0.084225,-0.06228,-0.822107,-0.113886,-0.07556,-0.932354,-0.135036,0.051351,-0.456035,-0.062771,0.037814,-0.614009,-0.09386,0.021132,-0.710836,-0.112268,0.004682,-0.799052,-0.12495
YES,0.0,0.0,0.0,-0.141932,-0.067298,-0.068348,-0.244868,-0.217795,-0.109982,-0.285924,-0.362739,-0.146722,-0.301495,-0.500728,-0.183284,-0.135908,-0.453702,-0.072214,-0.160987,-0.643693,-0.130752,-0.179766,-0.761565,-0.178549,-0.197371,-0.864053,-0.212265,-0.039426,-0.475324,-0.07456,-0.032459,-0.69808,-0.122144,-0.043959,-0.849835,-0.163393,-0.060384,-0.979062,-0.194402,0.045879,-0.447727,-0.085867,0.055192,-0.658472,-0.128168,0.042316,-0.790494,-0.159951,0.021057,-0.899829,-0.182055,0.124133,-0.381706,-0.103734,0.138083,-0.54904,-0.142072,0.127747,-0.658541,-0.162569,0.104847,-0.753123,-0.175691
YES,0.0,0.0,0.0,-0.269085,-0.004449,-0.188624,-0.507264,-0.194989,-0.297996,-0.605865,-0.410248,-0.385598,-0.627944,-0.637301,-0.446692,-0.304813,-0.66607,-0.228334,-0.26695,-0.566653,-0.373681,-0.224575,-0.281719,-0.436602,-0.170488,-0.135898,-0.46211,-0.081702,-0.746622,-0.197014,0.004148,-0.485525,-0.318106,0.005058,-0.206244,-0.331573,0.013176,-0.130115,-0.332072,0.10177,-0.742343,-0.187316,0.188998,-0.509017,-0.329321,0.159986,-0.272923,-0.311193,0.138469,-0.207617,-0.275931,0.257334,-0.705103,-0.193212,0.323237,-0.638684,-0.29107,0.300568,-0.464808,-0.273422,0.276029,-0.391309,-0.239579
YES,0.0,0.0,0.0,-0.170757,0.066927,-0.210663,-0.323987,-0.016352,-0.370042,-0.379722,-0.047923,-0.51009,-0.303786,-0.148929,-0.652644,-0.207619,-0.559355,-0.3754,-0.084729,-0.220254,-0.603352,0.019281,0.097925,-0.772404,0.114807,0.351074,-0.869035,-0.068929,-0.648805,-0.377267,0.17152,-0.344465,-0.600762,0.379184,2.2e-05,-0.720505,0.540221,0.31207,-0.78152,0.050859,-0.594599,-0.388175,0.271933,-0.337867,-0.617933,0.464045,-0.051314,-0.684768,0.600541,0.165331,-0.69259,0.117344,-0.446837,-0.409488,0.244604,-0.35218,-0.563726,0.375995,-0.197814,-0.572973,0.494099,-0.040591,-0.555189
YES,0.0,0.0,0.0,-0.287062,0.043036,-0.242532,-0.536025,-0.067719,-0.412797,-0.638186,-0.171172,-0.554707,-0.654859,-0.316948,-0.686078,-0.300396,-0.613875,-0.350601,-0.173839,-0.289588,-0.558628,-0.098399,-0.043704,-0.713824,-0.024163,0.146215,-0.80706,-0.043744,-0.638055,-0.328677,0.117811,-0.353268,-0.520225,0.22387,-0.130453,-0.631142,0.322217,0.070203,-0.699877,0.172159,-0.567556,-0.32274,0.334549,-0.3627,-0.510151,0.442187,-0.219892,-0.57766,0.533084,-0.109147,-0.602771,0.336615,-0.441378,-0.333742,0.506374,-0.364626,-0.464966,0.624442,-0.301125,-0.491745,0.733575,-0.250643,-0.496209
YES,0.0,0.0,0.0,-0.260127,-0.018861,-0.138243,-0.488815,-0.214703,-0.233913,-0.590108,-0.432141,-0.322803,-0.63832,-0.66162,-0.393455,-0.292976,-0.611979,-0.153236,-0.298784,-0.769256,-0.293961,-0.248988,-0.536122,-0.362766,-0.196918,-0.412514,-0.394499,-0.08943,-0.675495,-0.151646,-0.072432,-0.829614,-0.278365,-0.041015,-0.563366,-0.297624,-0.01766,-0.464937,-0.29626,0.086918,-0.698805,-0.171772,0.092641,-0.878109,-0.291492,0.100417,-0.636279,-0.249642,0.108929,-0.537957,-0.204527,0.247145,-0.691559,-0.205304,0.251788,-0.839921,-0.276733,0.249132,-0.657201,-0.238248,0.249457,-0.556493,-0.197818
YES,0.0,0.0,0.0,-0.159141,-0.077454,-0.065086,-0.273118,-0.244513,-0.100499,-0.319732,-0.404504,-0.132175,-0.334698,-0.549422,-0.163383,-0.154942,-0.46148,-0.057189,-0.180851,-0.644397,-0.11064,-0.196259,-0.766327,-0.156619,-0.205511,-0.874376,-0.190889,-0.047425,-0.489817,-0.0603,-0.038035,-0.705512,-0.101325,-0.044516,-0.853126,-0.13754,-0.051376,-0.984624,-0.166963,0.048328,-0.468423,-0.073217,0.067578,-0.67114,-0.111675,0.063808,-0.801161,-0.137331,0.052968,-0.919296,-0.156632,0.13526,-0.405374,-0.09312,0.160323,-0.561165,-0.126511,0.159999,-0.659758,-0.139878,0.148026,-0.748425,-0.149242
YES,0.0,0.0,0.0,-0.150149,-0.072326,-0.061333,-0.253843,-0.230355,-0.090838,-0.287411,-0.382175,-0.116511,-0.308633,-0.509864,-0.140492,-0.160185,-0.476408,-0.042329,-0.191045,-0.669037,-0.085899,-0.203448,-0.787272,-0.125093,-0.207665,-0.894267,-0.154998,-0.075093,-0.504928,-0.043684,-0.07912,-0.72482,-0.079102,-0.081673,-0.864451,-0.111744,-0.080084,-0.987294,-0.13725,0.002885,-0.486884,-0.054929,0.002423,-0.689325,-0.088395,-0.001797,-0.818347,-0.115735,-0.00425,-0.929061,-0.135571,0.080976,-0.430515,-0.073159,0.080925,-0.595506,-0.102882,0.074632,-0.699156,-0.119057,0.06945,-0.791495,-0.130414
YES,0.0,0.0,0.0,-0.147924,-0.083653,-0.055724,-0.258851,-0.226488,-0.086013,-0.303867,-0.381215,-0.116295,-0.323476,-0.516351,-0.144198,-0.168232,-0.490683,-0.026592,-0.219278,-0.679743,-0.07461,-0.245667,-0.790247,-0.119487,-0.264188,-0.891369,-0.152154,-0.088263,-0.528172,-0.031405,-0.110417,-0.747219,-0.065839,-0.119369,-0.876797,-0.096765,-0.12576,-0.984567,-0.121709,-0.00951,-0.522072,-0.048016,-0.032265,-0.72598,-0.080703,-0.041374,-0.849636,-0.105165,-0.049287,-0.952127,-0.122888,0.07414,-0.477158,-0.072356,0.058254,-0.647176,-0.098816,0.044228,-0.750134,-0.111857,0.0315,-0.839281,-0.121329
YES,0.0,0.0,0.0,-0.16407,-0.071072,-0.056259,-0.278485,-0.217018,-0.080892,-0.323164,-0.380033,-0.104144,-0.350003,-0.517091,-0.125026,-0.196749,-0.47395,-0.017873,-0.248023,-0.667675,-0.055132,-0.274504,-0.783937,-0.092167,-0.293774,-0.891677,-0.120975,-0.110166,-0.513233,-0.01996,-0.135924,-0.73299,-0.049639,-0.150265,-0.866584,-0.080454,-0.161685,-0.981193,-0.105446,-0.02728,-0.508319,-0.033474,-0.046698,-0.71069,-0.062078,-0.060771,-0.83629,-0.088298,-0.075448,-0.944276,-0.107596,0.058527,-0.467243,-0.054259,0.041843,-0.64054,-0.07773,0.024518,-0.745934,-0.091819,0.008739,-0.839094,-0.102378
YES,0.0,0.0,0.0,-0.150885,-0.070908,-0.065381,-0.258303,-0.215407,-0.098827,-0.304743,-0.365129,-0.128647,-0.331936,-0.494265,-0.15587,-0.18137,-0.471751,-0.039736,-0.226148,-0.662026,-0.085239,-0.248283,-0.777764,-0.126781,-0.261421,-0.884948,-0.158408,-0.097026,-0.510763,-0.039163,-0.113834,-0.72417,-0.07691,-0.123959,-0.859736,-0.112284,-0.128964,-0.981738,-0.139852,-0.019463,-0.499903,-0.049343,-0.027232,-0.696461,-0.08554,-0.038917,-0.821227,-0.11554,-0.050663,-0.929174,-0.136668,0.058734,-0.450782,-0.0668,0.053168,-0.611132,-0.097464,0.039906,-0.712549,-0.114973,0.026116,-0.803235,-0.127147
YES,0.0,0.0,0.0,-0.182718,-0.078788,-0.067641,-0.314339,-0.26914,-0.099865,-0.370531,-0.44937,-0.129747,-0.393046,-0.606728,-0.156214,-0.169173,-0.522964,-0.017285,-0.201844,-0.697149,-0.067311,-0.224525,-0.769168,-0.117658,-0.243919,-0.823932,-0.152185,-0.051187,-0.561383,-0.018405,-0.050451,-0.786894,-0.045355,-0.065348,-0.902452,-0.078172,-0.080871,-0.990982,-0.10684,0.052457,-0.548599,-0.034529,0.069861,-0.767644,-0.067119,0.057067,-0.889927,-0.093852,0.037031,-0.989108,-0.114821,0.150085,-0.490999,-0.058666,0.16221,-0.655106,-0.086299,0.145907,-0.739142,-0.097326,0.115402,-0.807378,-0.106458
YES,0.0,0.0,0.0,-0.269455,0.00593,-0.199118,-0.498748,-0.177012,-0.317549,-0.610128,-0.353791,-0.406884,-0.669284,-0.576761,-0.468408,-0.298126,-0.662061,-0.266675,-0.226052,-0.312973,-0.396017,-0.225143,-0.122789,-0.446695,-0.225883,-0.113386,-0.475328,-0.07598,-0.698985,-0.235384,0.029964,-0.269151,-0.358678,0.001923,-0.067362,-0.370663,-0.0096,-0.062085,-0.376403,0.114447,-0.648135,-0.220844,0.211709,-0.288905,-0.367807,0.169326,-0.11153,-0.354896,0.136275,-0.101011,-0.32686,0.272186,-0.559661,-0.222333,0.373549,-0.405318,-0.332936,0.350949,-0.316237,-0.331633,0.320556,-0.321561,-0.312527
YES,0.0,0.0,0.0,-0.25663,0.024932,-0.213262,-0.472019,-0.104273,-0.363388,-0.580235,-0.233313,-0.486993,-0.688197,-0.411697,-0.597403,-0.303951,-0.692097,-0.298903,-0.220873,-0.372765,-0.490912,-0.133641,-0.112173,-0.629265,-0.048202,0.056497,-0.708784,-0.047148,-0.712959,-0.283493,0.082105,-0.405247,-0.454526,0.163632,-0.178733,-0.549118,0.238727,0.002093,-0.607621,0.171025,-0.637373,-0.285131,0.310188,-0.423497,-0.466177,0.416312,-0.286651,-0.531827,0.506654,-0.174229,-0.554283,0.346514,-0.519789,-0.300837,0.480498,-0.435682,-0.440645,0.563672,-0.339897,-0.475344,0.63615,-0.256886,-0.480927
YES,0.0,0.0,0.0,-0.260141,0.031296,-0.209384,-0.48272,-0.089944,-0.356325,-0.595877,-0.208907,-0.48135,-0.709829,-0.377469,-0.594693,-0.319313,-0.639912,-0.302588,-0.266299,-0.390194,-0.502139,-0.179928,-0.117055,-0.64333,-0.09296,0.086661,-0.718562,-0.053879,-0.652886,-0.289495,0.049984,-0.376412,-0.479072,0.143798,-0.133904,-0.586461,0.219853,0.080864,-0.645335,0.170663,-0.572928,-0.2919,0.286222,-0.361939,-0.492728,0.390295,-0.190809,-0.566676,0.469853,-0.042015,-0.5844,0.342471,-0.459054,-0.306375,0.477594,-0.385825,-0.456044,0.562209,-0.281483,-0.493047,0.627066,-0.181009,-0.495245
YES,0.0,0.0,0.0,-0.256083,0.016799,-0.162393,-0.480529,-0.172124,-0.264387,-0.612676,-0.357739,-0.348947,-0.729961,-0.54218,-0.416172,-0.33078,-0.615167,-0.193437,-0.282367,-0.421467,-0.330622,-0.261408,-0.221179,-0.417778,-0.227958,-0.141567,-0.46826,-0.115956,-0.644697,-0.180613,-0.027371,-0.429282,-0.299037,-0.018175,-0.235198,-0.333719,0.011571,-0.163366,-0.350974,0.06775,-0.596807,-0.185623,0.16544,-0.406256,-0.316775,0.14896,-0.226988,-0.308305,0.144105,-0.161816,-0.282286,0.22993,-0.52275,-0.204714,0.307406,-0.476677,-0.293158,0.293982,-0.378326,-0.277733,0.285158,-0.341339,-0.250036
YES,0.0,0.0,0.0,-0.155309,-0.076464,-0.059308,-0.265138,-0.236378,-0.091775,-0.323423,-0.388296,-0.121505,-0.378196,-0.509659,-0.151536,-0.169259,-0.474487,-0.044481,-0.211805,-0.663047,-0.092546,-0.234361,-0.784646,-0.136464,-0.250536,-0.895472,-0.169518,-0.076616,-0.500357,-0.048896,-0.083944,-0.711254,-0.088483,-0.095836,-0.854485,-0.126924,-0.106577,-0.981841,-0.156935,0.008986,-0.475891,-0.062544,0.011627,-0.67313,-0.099115,0.0003,-0.798622,-0.127777,-0.015212,-0.908601,-0.148622,0.090241,-0.414793,-0.082683,0.100375,-0.5717,-0.112656,0.093064,-0.670134,-0.126887,0.080492,-0.758559,-0.136988
NO,0.0,0.0,0.0,-0.103903,-0.052788,-0.056227,-0.203689,-0.215655,-0.096888,-0.178286,-0.353278,-0.134213,-0.085122,-0.409038,-0.166516,-0.13438,-0.466889,-0.070715,-0.186542,-0.676971,-0.151499,-0.229391,-0.816832,-0.201225,-0.25638,-0.936953,-0.237462,-0.028635,-0.458893,-0.080415,-0.083645,-0.572451,-0.175552,-0.112769,-0.421078,-0.188223,-0.085016,-0.343858,-0.17793,0.064703,-0.41018,-0.09989,0.009281,-0.454,-0.18448,-0.027708,-0.310937,-0.148443,0.005053,-0.269269,-0.106759,0.156169,-0.334954,-0.125869,0.093217,-0.370051,-0.174468,0.056589,-0.26641,-0.144757,0.083281,-0.235691,-0.113128
NO,0.0,0.0,0.0,-0.115007,-0.092677,-0.066589,-0.215379,-0.239302,-0.112156,-0.210212,-0.388869,-0.158087,-0.126962,-0.456954,-0.198202,-0.166619,-0.490239,-0.053224,-0.219637,-0.705175,-0.124625,-0.251962,-0.83362,-0.164096,-0.271488,-0.943268,-0.191152,-0.063767,-0.495557,-0.058587,-0.110796,-0.607072,-0.158422,-0.123501,-0.454803,-0.179237,-0.116564,-0.352517,-0.169358,0.035245,-0.463903,-0.074927,-0.020926,-0.486047,-0.173557,-0.044991,-0.322704,-0.157037,-0.036664,-0.242125,-0.119088,0.128266,-0.404237,-0.097861,0.066014,-0.41904,-0.156393,0.041693,-0.30773,-0.142765,0.054539,-0.253891,-0.117582
NO,0.0,0.0,0.0,-0.115947,-0.079503,-0.081285,-0.224294,-0.219421,-0.136579,-0.226942,-0.370973,-0.189555,-0.142472,-0.460045,-0.235266,-0.188426,-0.494331,-0.058967,-0.251689,-0.70307,-0.13422,-0.287781,-0.824763,-0.174556,-0.306035,-0.930308,-0.202164,-0.082175,-0.504879,-0.05855,-0.133901,-0.606961,-0.167281,-0.136866,-0.425258,-0.188606,-0.117476,-0.313521,-0.175285,0.018761,-0.477193,-0.071407,-0.039011,-0.502853,-0.178827,-0.060028,-0.322949,-0.162431,-0.046719,-0.242762,-0.121493,0.114374,-0.423569,-0.091564,0.048076,-0.438838,-0.158536,0.024136,-0.31508,-0.14797,0.03937,-0.261355,-0.122427
NO,0.0,0.0,0.0,-0.114291,-0.081237,-0.076932,-0.208721,-0.223637,-0.132172,-0.202598,-0.368854,-0.18795,-0.111112,-0.435634,-0.237229,-0.151472,-0.498641,-0.065767,-0.15125,-0.741133,-0.142996,-0.129336,-0.864825,-0.186497,-0.100636,-0.970919,-0.217228,-0.051867,-0.493766,-0.069041,-0.09202,-0.565143,-0.182051,-0.101676,-0.390705,-0.202139,-0.091974,-0.297924,-0.190509,0.043447,-0.457843,-0.084848,-0.005983,-0.474776,-0.189616,-0.026487,-0.302699,-0.165606,-0.017686,-0.234495,-0.122863,0.134594,-0.400181,-0.109223,0.082786,-0.410989,-0.174058,0.060896,-0.296656,-0.159676,0.072984,-0.256168,-0.13281
NO,0.0,0.0,0.0,-0.109363,-0.088065,-0.086993,-0.200647,-0.240263,-0.14425,-0.19246,-0.379499,-0.200913,-0.098444,-0.452291,-0.249706,-0.136473,-0.523911,-0.067009,-0.111395,-0.765926,-0.137788,-0.080397,-0.880413,-0.17233,-0.043539,-0.979558,-0.196392,-0.036425,-0.506879,-0.064824,-0.066702,-0.581347,-0.179892,-0.085287,-0.404885,-0.20041,-0.081325,-0.302728,-0.186768,0.058214,-0.46407,-0.07628,0.013671,-0.482666,-0.186538,-0.016845,-0.308283,-0.169994,-0.008189,-0.240342,-0.129679,0.150025,-0.404525,-0.096132,0.102897,-0.422072,-0.160644,0.074213,-0.304113,-0.149895,0.086107,-0.262623,-0.125553
NO,0.0,0.0,0.0,-0.111911,-0.078192,-0.07931,-0.212398,-0.223124,-0.132556,-0.205094,-0.371037,-0.183961,-0.112841,-0.434439,-0.228068,-0.162026,-0.50107,-0.057719,-0.202051,-0.722339,-0.130779,-0.21453,-0.85158,-0.17013,-0.210934,-0.957286,-0.197765,-0.057834,-0.506272,-0.058725,-0.099724,-0.590191,-0.169614,-0.107535,-0.415761,-0.191316,-0.096997,-0.302094,-0.178218,0.039018,-0.471496,-0.072784,-0.007669,-0.480406,-0.179979,-0.036034,-0.308971,-0.164316,-0.032777,-0.227609,-0.124329,0.130778,-0.41062,-0.094602,0.081504,-0.414405,-0.161356,0.04862,-0.297889,-0.152933,0.051375,-0.244497,-0.129332
NO,0.0,0.0,0.0,-0.111317,-0.085007,-0.079994,-0.218554,-0.224086,-0.1352,-0.213087,-0.369645,-0.189244,-0.122889,-0.450581,-0.236725,-0.189906,-0.499237,-0.059358,-0.27101,-0.688003,-0.1414,-0.324637,-0.800592,-0.18953,-0.361362,-0.905629,-0.221933,-0.081668,-0.507517,-0.061065,-0.137591,-0.58932,-0.168072,-0.130609,-0.406687,-0.190056,-0.100677,-0.308651,-0.180798,0.021023,-0.476728,-0.076436,-0.033385,-0.482374,-0.183279,-0.055168,-0.302296,-0.16504,-0.038143,-0.234337,-0.124897,0.117117,-0.420555,-0.099627,0.059484,-0.421866,-0.162669,0.033488,-0.295896,-0.146997,0.049227,-0.249683,-0.119887
NO,0.0,0.0,0.0,-0.114972,-0.090963,-0.075092,-0.224579,-0.236587,-0.127652,-0.222146,-0.391292,-0.180324,-0.128351,-0.469824,-0.227118,-0.192001,-0.496599,-0.049304,-0.277027,-0.686397,-0.129554,-0.334835,-0.799305,-0.177138,-0.37429,-0.903479,-0.208885,-0.085573,-0.505767,-0.052437,-0.145642,-0.612033,-0.157974,-0.141293,-0.437709,-0.182253,-0.113648,-0.335542,-0.174153,0.017156,-0.477185,-0.068752,-0.045011,-0.495924,-0.176753,-0.06396,-0.315559,-0.162919,-0.045965,-0.236986,-0.124103,0.114446,-0.423061,-0.091921,0.048917,-0.443018,-0.155936,0.027726,-0.317911,-0.141733,0.0471,-0.261841,-0.114894
NO,0.0,0.0,0.0,-0.113281,-0.069575,-0.082805,-0.219085,-0.208896,-0.138849,-0.214452,-0.359237,-0.192036,-0.124596,-0.440893,-0.238745,-0.17567,-0.484764,-0.064543,-0.215619,-0.698329,-0.142517,-0.236769,-0.831129,-0.186579,-0.251417,-0.943122,-0.217511,-0.071144,-0.493763,-0.066285,-0.117393,-0.601257,-0.180549,-0.115098,-0.422865,-0.204829,-0.101072,-0.307399,-0.192925,0.028755,-0.462473,-0.081098,-0.019668,-0.492477,-0.193369,-0.036209,-0.309289,-0.175952,-0.029716,-0.225798,-0.133737,0.125188,-0.406037,-0.103481,0.074968,-0.423627,-0.174475,0.05328,-0.3001,-0.163156,0.060468,-0.248448,-0.137023
NO,0.0,0.0,0.0,-0.101613,-0.086361,-0.091468,-0.191799,-0.230631,-0.153652,-0.186575,-0.362201,-0.214577,-0.094083,-0.442614,-0.267803,-0.133685,-0.522235,-0.074665,-0.117236,-0.763957,-0.149203,-0.088652,-0.879819,-0.185468,-0.053201,-0.976255,-0.20999,-0.031777,-0.506926,-0.07122,-0.063411,-0.571217,-0.185132,-0.08304,-0.394083,-0.203466,-0.076761,-0.300716,-0.189577,0.064223,-0.461505,-0.08202,0.018419,-0.473553,-0.191246,-0.011147,-0.3016,-0.171316,0.000115,-0.241812,-0.13005,0.156433,-0.398313,-0.101747,0.10636,-0.412115,-0.165428,0.078692,-0.294793,-0.151831,0.092392,-0.257682,-0.125881
NO,0.0,0.0,0.0,-0.107629,-0.083062,-0.087351,-0.196857,-0.21799,-0.147525,-0.187777,-0.354363,-0.206294,-0.095566,-0.417155,-0.258204,-0.143805,-0.511482,-0.070924,-0.13288,-0.743493,-0.148509,-0.10379,-0.865672,-0.193137,-0.067916,-0.972019,-0.224867,-0.039438,-0.502796,-0.070793,-0.068693,-0.570636,-0.185313,-0.081074,-0.394212,-0.20734,-0.077363,-0.293406,-0.196644,0.059048,-0.458547,-0.084353,0.018175,-0.469779,-0.192705,-0.008478,-0.295229,-0.171856,-0.00767,-0.21874,-0.130004,0.152513,-0.392071,-0.107053,0.108,-0.402822,-0.173687,0.078262,-0.289666,-0.160658,0.080538,-0.244401,-0.134385
NO,0.0,0.0,0.0,-0.10706,-0.084077,-0.073924,-0.206649,-0.21848,-0.126569,-0.198295,-0.356172,-0.178704,-0.111922,-0.428195,-0.22469,-0.169612,-0.486941,-0.05994,-0.235905,-0.693444,-0.136445,-0.271748,-0.82103,-0.180538,-0.293633,-0.932296,-0.211195,-0.065538,-0.494783,-0.064447,-0.117373,-0.58251,-0.173069,-0.116572,-0.407124,-0.196449,-0.097817,-0.299062,-0.187107,0.032724,-0.46467,-0.080894,-0.018497,-0.481136,-0.1871,-0.040526,-0.307066,-0.16849,-0.032426,-0.225068,-0.127907,0.125614,-0.408209,-0.104606,0.073683,-0.422815,-0.168826,0.045654,-0.30419,-0.154181,0.053102,-0.249075,-0.12721
NO,0.0,0.0,0.0,-0.109903,-0.084339,-0.081204,-0.219188,-0.219106,-0.13725,-0.217613,-0.356228,-0.191732,-0.132152,-0.438309,-0.239805,-0.186582,-0.494658,-0.06936,-0.277579,-0.684714,-0.154302,-0.335403,-0.794905,-0.201288,-0.371691,-0.899007,-0.231586,-0.077802,-0.504753,-0.071846,-0.140054,-0.598258,-0.184699,-0.14449,-0.419822,-0.206406,-0.118969,-0.321387,-0.194301,0.025537,-0.475571,-0.087547,-0.038264,-0.470045,-0.200594,-0.060364,-0.290133,-0.182187,-0.040098,-0.225993,-0.13932,0.122585,-0.420563,-0.110705,0.057466,-0.418646,-0.17469,0.031725,-0.289565,-0.156023,0.050491,-0.244947,-0.125699
NO,0.0,0.0,0.0,-0.112313,-0.074869,-0.078571,-0.219013,-0.199488,-0.131637,-0.222687,-0.334954,-0.183395,-0.144815,-0.420451,-0.22808,-0.195627,-0.486175,-0.061099,-0.267999,-0.686116,-0.140186,-0.311294,-0.808132,-0.184437,-0.340497,-0.915643,-0.213684,-0.091027,-0.504739,-0.062026,-0.144535,-0.577494,-0.170444,-0.138572,-0.404106,-0.19336,-0.116259,-0.299746,-0.183527,0.009935,-0.483012,-0.07577,-0.041974,-0.472271,-0.181706,-0.058438,-0.299358,-0.164857,-0.046879,-0.223088,-0.125375,0.106022,-0.433536,-0.09748,0.050975,-0.417902,-0.161272,0.026601,-0.294845,-0.14875,0.03593,-0.24381,-0.123053
NO,0.0,0.0,0.0,-0.106952,-0.080758,-0.079775,-0.208238,-0.203049,-0.13734,-0.21382,-0.332044,-0.194637,-0.13743,-0.422775,-0.245309,-0.18771,-0.485628,-0.06455,-0.260879,-0.687742,-0.147096,-0.30532,-0.807213,-0.19327,-0.333826,-0.915756,-0.223499,-0.08263,-0.498803,-0.067014,-0.136247,-0.569455,-0.178882,-0.131958,-0.389335,-0.201522,-0.106701,-0.290191,-0.191254,0.01723,-0.471243,-0.082732,-0.035249,-0.47636,-0.190542,-0.051924,-0.299987,-0.170991,-0.035747,-0.229972,-0.129639,0.111739,-0.418122,-0.106339,0.055494,-0.418218,-0.167603,0.033244,-0.295928,-0.150787,0.048251,-0.251243,-0.122569
NO,0.0,0.0,0.0,-0.107588,-0.077257,-0.075661,-0.196216,-0.227145,-0.129164,-0.168172,-0.360628,-0.180919,-0.07244,-0.421436,-0.226501,-0.131541,-0.503421,-0.069607,-0.140269,-0.739996,-0.147676,-0.11858,-0.869371,-0.193382,-0.086948,-0.970407,-0.22528,-0.029322,-0.487971,-0.073922,-0.063628,-0.574496,-0.186573,-0.084337,-0.405296,-0.208586,-0.078501,-0.300764,-0.198158,0.065292,-0.438025,-0.090283,0.02881,-0.467857,-0.19648,-0.005956,-0.300203,-0.17239,-0.001729,-0.222038,-0.129453,0.156841,-0.360857,-0.114265,0.116198,-0.394222,-0.17993,0.078077,-0.281109,-0.161723,0.081208,-0.230916,-0.132187
NO,0.0,0.0,0.0,-0.106539,-0.09898,-0.083029,-0.182784,-0.24987,-0.138116,-0.148137,-0.37948,-0.190184,-0.048389,-0.431293,-0.236038,-0.110631,-0.533302,-0.070605,-0.069059,-0.754546,-0.140099,-0.031415,-0.870646,-0.182508,0.009264,-0.976853,-0.213712,-0.004374,-0.503682,-0.06784,-0.00472,-0.567652,-0.171937,-0.035,-0.382539,-0.191461,-0.051052,-0.273496,-0.181047,0.090975,-0.445223,-0.076975,0.076611,-0.472431,-0.173298,0.030212,-0.303511,-0.149484,0.012395,-0.220914,-0.108314,0.176399,-0.369264,-0.094635,0.152572,-0.399488,-0.15332,0.108871,-0.286858,-0.135844,0.095977,-0.231367,-0.107667
NO,0.0,0.0,0.0,-0.103965,-0.091108,-0.090088,-0.185426,-0.239871,-0.150109,-0.156344,-0.376309,-0.207045,-0.052527,-0.439536,-0.257095,-0.108094,-0.524705,-0.078793,-0.077462,-0.751486,-0.154223,-0.040693,-0.868959,-0.196941,0.001426,-0.973893,-0.227005,-0.004012,-0.502543,-0.075519,-0.013008,-0.568218,-0.189802,-0.03863,-0.391693,-0.21075,-0.046759,-0.288011,-0.198518,0.089873,-0.449647,-0.085205,0.063423,-0.45654,-0.19331,0.0222,-0.291792,-0.172873,0.011939,-0.218174,-0.13025,0.176814,-0.377935,-0.103775,0.145112,-0.394339,-0.167105,0.107708,-0.286275,-0.151616,0.101212,-0.240068,-0.123376
NO,0.0,0.0,0.0,-0.115219,-0.089633,-0.075883,-0.219293,-0.219435,-0.132965,-0.21318,-0.36326,-0.188597,-0.118544,-0.434818,-0.238659,-0.173237,-0.503542,-0.061056,-0.238006,-0.691887,-0.145407,-0.286069,-0.813368,-0.19705,-0.321627,-0.918209,-0.23119,-0.063445,-0.518782,-0.065025,-0.123354,-0.603138,-0.170954,-0.136425,-0.439882,-0.195124,-0.125151,-0.334867,-0.186719,0.037367,-0.487327,-0.081814,-0.021022,-0.48987,-0.183317,-0.052393,-0.319974,-0.163842,-0.046073,-0.238755,-0.123526,0.13172,-0.421057,-0.106417,0.071232,-0.418279,-0.165881,0.036669,-0.300156,-0.148678,0.043187,-0.245208,-0.119812
NO,0.0,0.0,0.0,-0.118428,-0.081597,-0.082924,-0.229652,-0.208004,-0.142241,-0.23274,-0.347597,-0.200271,-0.149953,-0.437992,-0.251185,-0.204379,-0.493321,-0.067843,-0.29629,-0.675615,-0.15481,-0.356712,-0.784274,-0.204351,-0.397338,-0.886748,-0.236221,-0.095418,-0.511496,-0.06891,-0.16174,-0.583031,-0.181075,-0.156579,-0.403243,-0.203855,-0.125883,-0.306014,-0.193552,0.007802,-0.489824,-0.083697,-0.059269,-0.467209,-0.192275,-0.074354,-0.295072,-0.174681,-0.051166,-0.234,-0.134298,0.104585,-0.44175,-0.106728,0.036421,-0.421693,-0.166451,0.018055,-0.297357,-0.149192,0.040165,-0.2553,-0.120818
NO,0.0,0.0,0.0,-0.109684,-0.061387,-0.075469,-0.221131,-0.188175,-0.130492,-0.221391,-0.329355,-0.184879,-0.142464,-0.414362,-0.232915,-0.194042,-0.476948,-0.068935,-0.260075,-0.688887,-0.145307,-0.295302,-0.815193,-0.188757,-0.316016,-0.922916,-0.219908,-0.090215,-0.492414,-0.073843,-0.14756,-0.560494,-0.18297,-0.142671,-0.385029,-0.205263,-0.121536,-0.280515,-0.196713,0.008734,-0.465596,-0.090308,-0.044056,-0.475817,-0.195057,-0.059104,-0.298281,-0.173208,-0.047626,-0.216476,-0.133292,0.103223,-0.409241,-0.114569,0.047362,-0.406159,-0.180614,0.024769,-0.283108,-0.166708,0.035411,-0.230701,-0.141054
NO,0.0,0.0,0.0,-0.110858,-0.074631,-0.086746,-0.205959,-0.212662,-0.143412,-0.195789,-0.343837,-0.198284,-0.10344,-0.41644,-0.244483,-0.149576,-0.517449,-0.075903,-0.137738,-0.755868,-0.147312,-0.112608,-0.872752,-0.18203,-0.081671,-0.975122,-0.206077,-0.04673,-0.512591,-0.073394,-0.062742,-0.554262,-0.188374,-0.076048,-0.372461,-0.207783,-0.074521,-0.267528,-0.193953,0.050529,-0.476762,-0.083585,0.018307,-0.449664,-0.190627,-0.006769,-0.283362,-0.17269,-0.004231,-0.220094,-0.133095,0.144492,-0.419675,-0.102729,0.105222,-0.391345,-0.164386,0.07408,-0.274818,-0.152886,0.074692,-0.237743,-0.128603
NO,0.0,0.0,0.0,-0.106605,-0.087261,-0.090728,-0.19482,-0.2318,-0.150273,-0.183078,-0.359558,-0.207195,-0.088,-0.430691,-0.255722,-0.131615,-0.529097,-0.073905,-0.109363,-0.760893,-0.143782,-0.07955,-0.876407,-0.179716,-0.042742,-0.977752,-0.205365,-0.027879,-0.512921,-0.070067,-0.041017,-0.560017,-0.183382,-0.061004,-0.378847,-0.204879,-0.063994,-0.271623,-0.193334,0.068787,-0.46666,-0.079516,0.03796,-0.462577,-0.186213,0.004704,-0.296054,-0.169217,0.005272,-0.227993,-0.130543,0.162541,-0.402408,-0.097865,0.127732,-0.407757,-0.159844,0.092229,-0.291664,-0.147226,0.092916,-0.247155,-0.122402
NO,0.0,0.0,0.0,-0.104042,-0.088062,-0.078664,-0.191751,-0.217573,-0.135832,-0.183091,-0.343886,-0.192181,-0.092633,-0.409012,-0.241842,-0.141739,-0.494767,-0.073547,-0.157133,-0.731802,-0.152094,-0.150945,-0.855925,-0.196643,-0.134827,-0.964341,-0.227744,-0.040151,-0.489356,-0.076276,-0.073893,-0.541905,-0.188848,-0.084828,-0.369222,-0.210236,-0.076816,-0.27648,-0.200326,0.053939,-0.447871,-0.091085,0.010311,-0.451724,-0.194774,-0.014607,-0.287069,-0.170945,-0.007465,-0.220405,-0.129095,0.143334,-0.382788,-0.114434,0.097835,-0.385956,-0.177255,0.070048,-0.27532,-0.160619,0.07668,-0.23382,-0.132524
NO,0.0,0.0,0.0,-0.123021,-0.083543,-0.063104,-0.234939,-0.205381,-0.11353,-0.232674,-0.336718,-0.16518,-0.14836,-0.413747,-0.212008,-0.21034,-0.484696,-0.061204,-0.299831,-0.668574,-0.142106,-0.358086,-0.781316,-0.190227,-0.399581,-0.88899,-0.223678,-0.099416,-0.509866,-0.069569,-0.173525,-0.562781,-0.17109,-0.167398,-0.379059,-0.188911,-0.135007,-0.286727,-0.180064,0.004354,-0.490201,-0.088889,-0.067467,-0.469748,-0.184727,-0.084057,-0.295302,-0.159078,-0.062928,-0.229144,-0.119026,0.100061,-0.438434,-0.115471,0.027977,-0.417768,-0.170934,0.000886,-0.290734,-0.149391,0.016341,-0.243196,-0.120012
NO,0.0,0.0,0.0,-0.125051,-0.070109,-0.075128,-0.248753,-0.19003,-0.129919,-0.260022,-0.324177,-0.184058,-0.181255,-0.408211,-0.231126,-0.22611,-0.489946,-0.067272,-0.318446,-0.666507,-0.151562,-0.377346,-0.771815,-0.200104,-0.420831,-0.876641,-0.233243,-0.117003,-0.519225,-0.071458,-0.192115,-0.559632,-0.176324,-0.180011,-0.371904,-0.194619,-0.14429,-0.284912,-0.184661,-0.012584,-0.502563,-0.088307,-0.081897,-0.45062,-0.189328,-0.091828,-0.273618,-0.164781,-0.064736,-0.222363,-0.123807,0.084855,-0.452802,-0.113603,0.016354,-0.408165,-0.171047,-0.005125,-0.277072,-0.149985,0.015325,-0.241172,-0.120302
NO,0.0,0.0,0.0,-0.106896,-0.061933,-0.072722,-0.204655,-0.188944,-0.129232,-0.199925,-0.314932,-0.187621,-0.115783,-0.393338,-0.239319,-0.1604,-0.496105,-0.07723,-0.182963,-0.753784,-0.161641,-0.160576,-0.873626,-0.210676,-0.125455,-0.961959,-0.242683,-0.058387,-0.502057,-0.083549,-0.101364,-0.530524,-0.202914,-0.110023,-0.35523,-0.227703,-0.099012,-0.260676,-0.219529,0.037858,-0.469239,-0.101199,-0.015337,-0.44475,-0.20646,-0.032351,-0.279179,-0.180827,-0.020815,-0.214144,-0.138509,0.130975,-0.409094,-0.127592,0.077134,-0.380397,-0.189884,0.053289,-0.267183,-0.170961,0.062536,-0.231234,-0.140651
NO,0.0,0.0,0.0,-0.107798,-0.076541,-0.087766,-0.199742,-0.207714,-0.146115,-0.196219,-0.331321,-0.202443,-0.110045,-0.407687,-0.250026,-0.156624,-0.517757,-0.077215,-0.147298,-0.756496,-0.151387,-0.121244,-0.872976,-0.189209,-0.089196,-0.972489,-0.215198,-0.054031,-0.515399,-0.074397,-0.069321,-0.549831,-0.19078,-0.080863,-0.366112,-0.211929,-0.080449,-0.262502,-0.199717,0.044464,-0.480957,-0.084617,0.014382,-0.454681,-0.190507,-0.00966,-0.290973,-0.172221,-0.00677,-0.23406,-0.133666,0.139134,-0.425129,-0.104012,0.104071,-0.404774,-0.164907,0.07358,-0.288256,-0.152307,0.075458,-0.254207,-0.12781
NO,0.0,0.0,0.0,-0.104286,-0.071321,-0.091765,-0.196982,-0.199406,-0.152445,-0.194105,-0.322055,-0.210252,-0.110625,-0.402618,-0.259412,-0.158355,-0.513406,-0.083256,-0.15399,-0.750233,-0.159643,-0.130323,-0.867149,-0.198112,-0.099764,-0.969303,-0.224719,-0.054837,-0.51529,-0.079524,-0.074521,-0.549858,-0.196617,-0.088249,-0.364232,-0.216681,-0.086219,-0.267775,-0.203785,0.04346,-0.481684,-0.089138,0.010199,-0.450626,-0.196983,-0.014473,-0.282488,-0.177168,-0.009769,-0.233335,-0.137474,0.138354,-0.425862,-0.108257,0.099937,-0.397892,-0.170476,0.071234,-0.280157,-0.157446,0.075948,-0.254882,-0.132618
NO,0.0,0.0,0.0,-0.106206,-0.076292,-0.071912,-0.20514,-0.189221,-0.12746,-0.204056,-0.310117,-0.182409,-0.123447,-0.39042,-0.230944,-0.185024,-0.480657,-0.071502,-0.265426,-0.688059,-0.153466,-0.307357,-0.809344,-0.199901,-0.331891,-0.914664,-0.230733,-0.079278,-0.498293,-0.075241,-0.134327,-0.54613,-0.181919,-0.130542,-0.366692,-0.199562,-0.108466,-0.271837,-0.188777,0.020106,-0.472656,-0.090571,-0.028708,-0.462005,-0.188923,-0.049189,-0.291466,-0.161393,-0.040543,-0.221395,-0.118942,0.114093,-0.417664,-0.114063,0.066351,-0.406004,-0.172318,0.035136,-0.284649,-0.152661,0.039003,-0.235741,-0.123508
NO,0.0,0.0,0.0,-0.119468,-0.077715,-0.078309,-0.232353,-0.205111,-0.134854,-0.227811,-0.334617,-0.1894,-0.14034,-0.416437,-0.237526,-0.20883,-0.490345,-0.076345,-0.305784,-0.669966,-0.160667,-0.368496,-0.775767,-0.208689,-0.409897,-0.879669,-0.241179,-0.096056,-0.509748,-0.07937,-0.164699,-0.580159,-0.183345,-0.157264,-0.394905,-0.200202,-0.121967,-0.301711,-0.190065,0.010116,-0.48794,-0.094699,-0.05323,-0.460787,-0.19793,-0.071225,-0.281142,-0.173343,-0.046649,-0.224778,-0.132081,0.108963,-0.435826,-0.117813,0.047219,-0.424659,-0.17702,0.019761,-0.288431,-0.153439,0.037211,-0.241576,-0.122338
NO,0.0,0.0,0.0,-0.109012,-0.055356,-0.079403,-0.219569,-0.171487,-0.13575,-0.213237,-0.293663,-0.188808,-0.136754,-0.374381,-0.233365,-0.198988,-0.480266,-0.07778,-0.269047,-0.69519,-0.153429,-0.302847,-0.817592,-0.19486,-0.322909,-0.919724,-0.223244,-0.094377,-0.500919,-0.078216,-0.138419,-0.533977,-0.181942,-0.134623,-0.363758,-0.201545,-0.116292,-0.267738,-0.19202,0.004371,-0.474922,-0.090256,-0.040895,-0.429498,-0.186207,-0.054628,-0.267948,-0.16522,-0.042008,-0.207953,-0.127987,0.100703,-0.419653,-0.110877,0.051867,-0.381237,-0.167064,0.027424,-0.265796,-0.151588,0.035548,-0.228528,-0.126157
NO,0.0,0.0,0.0,-0.105854,-0.070846,-0.086321,-0.199395,-0.199007,-0.145398,-0.193995,-0.320148,-0.201753,-0.112743,-0.398914,-0.248964,-0.16328,-0.511888,-0.083569,-0.17956,-0.752964,-0.159217,-0.170326,-0.868104,-0.196722,-0.150491,-0.963327,-0.222157,-0.059215,-0.520085,-0.080962,-0.093289,-0.538055,-0.190391,-0.101471,-0.355192,-0.2073,-0.089956,-0.261377,-0.194382,0.038852,-0.485265,-0.090854,-0.004567,-0.43783,-0.191326,-0.024091,-0.2756,-0.169079,-0.011015,-0.229529,-0.130233,0.13286,-0.425012,-0.110023,0.088332,-0.388772,-0.167591,0.063068,-0.272059,-0.151817,0.073139,-0.244829,-0.125943
NO,0.0,0.0,0.0,-0.104657,-0.081714,-0.083478,-0.193989,-0.20859,-0.139768,-0.184475,-0.329616,-0.194588,-0.095044,-0.403475,-0.241624,-0.153878,-0.51872,-0.072403,-0.148267,-0.759919,-0.142524,-0.125149,-0.875779,-0.179487,-0.095044,-0.974161,-0.204884,-0.048682,-0.51542,-0.06978,-0.063459,-0.554914,-0.178816,-0.074591,-0.371231,-0.198277,-0.074514,-0.2627,-0.18683,0.051403,-0.478971,-0.079408,0.0236,-0.467908,-0.179069,-0.00131,-0.302501,-0.158284,-0.001436,-0.230551,-0.119016,0.145897,-0.421588,-0.097825,0.112725,-0.420787,-0.155427,0.081471,-0.305434,-0.139611,0.080814,-0.257719,-0.112904
NO,0.0,0.0,0.0,-0.105685,-0.07117,-0.082065,-0.199542,-0.193551,-0.137445,-0.190552,-0.313261,-0.190458,-0.107035,-0.394533,-0.235193,-0.167997,-0.502261,-0.07685,-0.182,-0.736765,-0.15068,-0.170091,-0.858218,-0.190636,-0.14896,-0.964304,-0.218924,-0.064091,-0.510454,-0.076138,-0.086791,-0.534823,-0.18806,-0.090352,-0.34744,-0.207319,-0.08099,-0.243936,-0.19562,0.034936,-0.477958,-0.087594,0.004579,-0.450899,-0.188802,-0.014296,-0.283793,-0.165664,-0.007305,-0.221593,-0.125637,0.130258,-0.420436,-0.108038,0.095469,-0.396854,-0.169024,0.068152,-0.280816,-0.154573,0.072465,-0.244827,-0.128977
NO,0.0,0.0,0.0,-0.105204,-0.084445,-0.07215,-0.20508,-0.194826,-0.128762,-0.199358,-0.311362,-0.185287,-0.115397,-0.391836,-0.236408,-0.186698,-0.480343,-0.072969,-0.270694,-0.673412,-0.155314,-0.323014,-0.791587,-0.204921,-0.35976,-0.90215,-0.238112,-0.077994,-0.495352,-0.076689,-0.132503,-0.545628,-0.178779,-0.127858,-0.367874,-0.197956,-0.104502,-0.271277,-0.190675,0.023285,-0.466329,-0.091689,-0.023,-0.461725,-0.187129,-0.044116,-0.294257,-0.160585,-0.033675,-0.220999,-0.119738,0.117837,-0.407799,-0.114588,0.076484,-0.420134,-0.168435,0.041892,-0.298,-0.14356,0.042977,-0.2391,-0.111608
NO,0.0,0.0,0.0,-0.115233,-0.06328,-0.081821,-0.233189,-0.184494,-0.139929,-0.230336,-0.312428,-0.194915,-0.143901,-0.392409,-0.242156,-0.214398,-0.496462,-0.082084,-0.297545,-0.669471,-0.163961,-0.35072,-0.77861,-0.211334,-0.387752,-0.888606,-0.245005,-0.101961,-0.525513,-0.081597,-0.154026,-0.546387,-0.178995,-0.139356,-0.359624,-0.194327,-0.10791,-0.272663,-0.186714,0.002783,-0.503799,-0.093285,-0.041232,-0.443808,-0.186365,-0.056904,-0.276897,-0.16248,-0.041396,-0.228838,-0.126522,0.099835,-0.44987,-0.114255,0.055848,-0.399443,-0.169156,0.029713,-0.274446,-0.150996,0.037389,-0.238675,-0.125865
NO,0.0,0.0,0.0,-0.102494,-0.053296,-0.082997,-0.201119,-0.173755,-0.140985,-0.194218,-0.297387,-0.195454,-0.115672,-0.383361,-0.240699,-0.174886,-0.489436,-0.081254,-0.213639,-0.732734,-0.158536,-0.208233,-0.859724,-0.199425,-0.189945,-0.95513,-0.22726,-0.072851,-0.504599,-0.079186,-0.104645,-0.528225,-0.190874,-0.105013,-0.348779,-0.210231,-0.092463,-0.255226,-0.198361,0.024732,-0.475523,-0.089244,-0.007333,-0.440977,-0.190919,-0.026265,-0.278475,-0.168521,-0.019576,-0.224846,-0.129393,0.119952,-0.418097,-0.108157,0.081802,-0.37606,-0.172954,0.054682,-0.263388,-0.162126,0.058093,-0.236786,-0.138342
NO,0.0,0.0,0.0,-0.106786,-0.070827,-0.086613,-0.19251,-0.203247,-0.144228,-0.169409,-0.316278,-0.197787,-0.080975,-0.390431,-0.242799,-0.150904,-0.518687,-0.0864,-0.136544,-0.746798,-0.157327,-0.108882,-0.865058,-0.196149,-0.077205,-0.971447,-0.224344,-0.047016,-0.524966,-0.081968,-0.042162,-0.515793,-0.189418,-0.05463,-0.332015,-0.209378,-0.064531,-0.238886,-0.200566,0.050456,-0.489025,-0.088973,0.044752,-0.443395,-0.187108,0.016166,-0.279076,-0.165613,0.007703,-0.220427,-0.128351,0.14453,-0.428527,-0.10522,0.133111,-0.394771,-0.165659,0.097993,-0.278414,-0.151906,0.086416,-0.241394,-0.127181
NO,0.0,0.0,0.0,-0.100563,-0.075061,-0.091639,-0.18702,-0.209859,-0.150229,-0.169228,-0.326543,-0.204217,-0.082345,-0.403918,-0.249389,-0.139096,-0.531386,-0.084095,-0.127252,-0.759501,-0.152855,-0.106303,-0.873609,-0.188262,-0.078633,-0.973681,-0.213921,-0.033706,-0.527124,-0.077561,-0.044013,-0.536622,-0.182274,-0.063482,-0.358754,-0.201663,-0.069486,-0.267611,-0.192748,0.062607,-0.482385,-0.083276,0.044709,-0.448942,-0.18286,0.008542,-0.286571,-0.163705,0.001313,-0.230895,-0.127339,0.154087,-0.414817,-0.098223,0.132432,-0.393354,-0.159739,0.093398,-0.279017,-0.147656,0.084465,-0.243539,-0.124102
NO,0.0,0.0,0.0,-0.103471,-0.07381,-0.072405,-0.201453,-0.187685,-0.127942,-0.191624,-0.302649,-0.181583,-0.108511,-0.385514,-0.228856,-0.182439,-0.475992,-0.079725,-0.267927,-0.667854,-0.165747,-0.315664,-0.790615,-0.215566,-0.351105,-0.902651,-0.248889,-0.074602,-0.490066,-0.083504,-0.130051,-0.544022,-0.188497,-0.122599,-0.359171,-0.203933,-0.097152,-0.269193,-0.19303,0.026751,-0.460166,-0.098639,-0.018422,-0.449544,-0.196665,-0.039223,-0.276003,-0.165297,-0.028588,-0.216899,-0.121038,0.121794,-0.401125,-0.121617,0.077273,-0.39362,-0.179104,0.047493,-0.270933,-0.154645,0.05427,-0.231088,-0.122566
NO,0.0,0.0,0.0,-0.112735,-0.069116,-0.080908,-0.224281,-0.188618,-0.14049,-0.219586,-0.312332,-0.196789,-0.129831,-0.390858,-0.245588,-0.206552,-0.491142,-0.087986,-0.294927,-0.671708,-0.17261,-0.349613,-0.777452,-0.220491,-0.387056,-0.88637,-0.254037,-0.095652,-0.513742,-0.087194,-0.150882,-0.559418,-0.183693,-0.136583,-0.366313,-0.194748,-0.100058,-0.285434,-0.184664,0.00857,-0.490549,-0.098266,-0.034821,-0.448696,-0.190801,-0.05309,-0.275879,-0.160144,-0.035013,-0.232321,-0.120156,0.102891,-0.436072,-0.118307,0.060345,-0.401687,-0.172849,0.033014,-0.268945,-0.148583,0.043203,-0.231025,-0.119119
NO,0.0,0.0,0.0,-0.106185,-0.056662,-0.077511,-0.208549,-0.168912,-0.133805,-0.19521,-0.283354,-0.185846,-0.11706,-0.368856,-0.229178,-0.192137,-0.478873,-0.085648,-0.255628,-0.69577,-0.163656,-0.282767,-0.819959,-0.208151,-0.298654,-0.923805,-0.239564,-0.087376,-0.50072,-0.085333,-0.117365,-0.522387,-0.189006,-0.106236,-0.339545,-0.207554,-0.090102,-0.246216,-0.199958,0.013228,-0.475545,-0.095782,-0.009875,-0.440086,-0.189654,-0.02628,-0.272122,-0.163289,-0.02392,-0.213547,-0.125656,0.111029,-0.419949,-0.114848,0.087393,-0.38051,-0.175515,0.057724,-0.258963,-0.160304,0.05354,-0.222394,-0.135701
NO,0.0,0.0,0.0,-0.098297,-0.079042,-0.088308,-0.178146,-0.212855,-0.147039,-0.153305,-0.327418,-0.202209,-0.064575,-0.40316,-0.249064,-0.134699,-0.529308,-0.082498,-0.12585,-0.752747,-0.153338,-0.103428,-0.870842,-0.191138,-0.074242,-0.973194,-0.217673,-0.030022,-0.525098,-0.078966,-0.037572,-0.533438,-0.18704,-0.055896,-0.358243,-0.208518,-0.063269,-0.262283,-0.200134,0.065697,-0.479472,-0.087252,0.050329,-0.445084,-0.187986,0.014777,-0.289314,-0.169068,0.004989,-0.229277,-0.132194,0.155269,-0.410295,-0.104594,0.13613,-0.393989,-0.163829,0.095905,-0.282989,-0.148796,0.083193,-0.24205,-0.123063
NO,0.0,0.0,0.0,-0.095318,-0.083535,-0.093444,-0.173211,-0.219625,-0.153825,-0.14429,-0.331048,-0.209106,-0.049946,-0.401884,-0.254761,-0.125082,-0.543319,-0.085268,-0.112902,-0.759263,-0.152074,-0.091684,-0.874061,-0.185166,-0.061369,-0.975948,-0.209188,-0.018346,-0.540437,-0.077464,-0.021092,-0.527129,-0.17925,-0.040784,-0.345173,-0.19763,-0.048883,-0.254532,-0.187919,0.078683,-0.492858,-0.081764,0.06,-0.432651,-0.179145,0.024945,-0.276248,-0.163244,0.019815,-0.229594,-0.129029,0.168231,-0.42392,-0.095198,0.146619,-0.384371,-0.151308,0.108454,-0.272563,-0.139151,0.100927,-0.242841,-0.116371
NO,0.0,0.0,0.0,-0.09995,-0.074279,-0.076288,-0.186276,-0.194511,-0.132477,-0.163627,-0.305093,-0.185016,-0.07879,-0.378057,-0.229072,-0.155075,-0.493964,-0.083199,-0.206292,-0.724973,-0.160449,-0.213088,-0.851847,-0.203755,-0.206667,-0.950218,-0.233182,-0.049786,-0.499011,-0.082947,-0.073013,-0.527526,-0.187513,-0.077516,-0.344113,-0.20336,-0.071525,-0.249498,-0.192306,0.048105,-0.45972,-0.093533,0.026822,-0.436826,-0.187813,-0.005548,-0.269772,-0.159165,-0.012889,-0.205924,-0.118087,0.139102,-0.393507,-0.112394,0.114765,-0.374273,-0.171328,0.074533,-0.260673,-0.153552,0.065255,-0.22166,-0.126186
NO,0.0,0.0,0.0,-0.113469,-0.07661,-0.075824,-0.219884,-0.204275,-0.129707,-0.211158,-0.322158,-0.181701,-0.12074,-0.393147,-0.227239,-0.198889,-0.49552,-0.081122,-0.2909,-0.674018,-0.164418,-0.347717,-0.783019,-0.211516,-0.387444,-0.889311,-0.242925,-0.084449,-0.517112,-0.082899,-0.147888,-0.57626,-0.180316,-0.135447,-0.393204,-0.195049,-0.098436,-0.303029,-0.186126,0.023461,-0.493561,-0.095771,-0.032718,-0.44561,-0.191828,-0.048119,-0.271662,-0.166648,-0.025766,-0.219064,-0.127911,0.121897,-0.439572,-0.116538,0.069538,-0.408629,-0.170623,0.039482,-0.273067,-0.145224,0.050025,-0.225544,-0.11421
NO,0.0,0.0,0.0,-0.102845,-0.074643,-0.069693,-0.195159,-0.187492,-0.124053,-0.1787,-0.29829,-0.177394,-0.101547,-0.385621,-0.224904,-0.182273,-0.477593,-0.076043,-0.269754,-0.675464,-0.155994,-0.31512,-0.797551,-0.202901,-0.345027,-0.908764,-0.234744,-0.075088,-0.489427,-0.081744,-0.128088,-0.540776,-0.18564,-0.12224,-0.366129,-0.205006,-0.097738,-0.274716,-0.197484,0.025295,-0.458872,-0.097808,-0.019571,-0.448121,-0.194805,-0.039131,-0.280116,-0.166683,-0.02618,-0.219156,-0.125273,0.120068,-0.40012,-0.121223,0.078261,-0.406288,-0.176497,0.048595,-0.282278,-0.150096,0.055927,-0.234562,-0.117161
NO,0.0,0.0,0.0,-0.095556,-0.082261,-0.090191,-0.17201,-0.214803,-0.149098,-0.141708,-0.331649,-0.203492,-0.056119,-0.416074,-0.249494,-0.130697,-0.528173,-0.084873,-0.125801,-0.750742,-0.155546,-0.107689,-0.866102,-0.192877,-0.082585,-0.972054,-0.219753,-0.028176,-0.522082,-0.080401,-0.037564,-0.546012,-0.188812,-0.058014,-0.369257,-0.211078,-0.066103,-0.278073,-0.202964,0.06629,-0.47658,-0.08755,0.049057,-0.450101,-0.190168,0.012255,-0.285384,-0.171004,0.003764,-0.228379,-0.133457,0.154488,-0.406778,-0.103674,0.134406,-0.390453,-0.165708,0.096919,-0.272934,-0.151813,0.088945,-0.234537,-0.126595
NO,0.0,0.0,0.0,-0.095385,-0.088448,-0.085689,-0.17007,-0.224949,-0.141283,-0.140885,-0.34238,-0.19308,-0.051507,-0.42054,-0.236495,-0.127547,-0.543615,-0.077233,-0.119777,-0.763638,-0.142684,-0.101866,-0.877039,-0.177599,-0.074295,-0.976446,-0.202568,-0.021239,-0.537708,-0.071649,-0.037422,-0.539614,-0.169373,-0.055582,-0.366237,-0.188573,-0.060454,-0.271362,-0.181232,0.074762,-0.488457,-0.077465,0.051841,-0.444728,-0.171203,0.01703,-0.288112,-0.152773,0.010216,-0.227111,-0.117863,0.162448,-0.41667,-0.092111,0.140656,-0.400345,-0.14909,0.100973,-0.283411,-0.134918,0.090653,-0.234845,-0.110161
NO,0.0,0.0,0.0,-0.096319,-0.086734,-0.08176,-0.174837,-0.217997,-0.137211,-0.146268,-0.333474,-0.188992,-0.058781,-0.409893,-0.232598,-0.138691,-0.529034,-0.082383,-0.146504,-0.751706,-0.151626,-0.134939,-0.867769,-0.188619,-0.113327,-0.970087,-0.21468,-0.032596,-0.532204,-0.07872,-0.051576,-0.534599,-0.177526,-0.066586,-0.360106,-0.194649,-0.069354,-0.269283,-0.186127,0.064459,-0.488263,-0.085905,0.043025,-0.440434,-0.18014,0.009845,-0.281191,-0.158994,0.003939,-0.220914,-0.12271,0.153529,-0.418235,-0.10166,0.13146,-0.394234,-0.160676,0.092629,-0.277001,-0.146157,0.083257,-0.231165,-0.121061
NO,0.0,0.0,0.0,-0.103408,-0.0952,-0.072492,-0.197156,-0.220378,-0.126011,-0.170656,-0.34261,-0.177795,-0.078053,-0.421919,-0.224076,-0.171456,-0.500192,-0.074007,-0.258934,-0.679139,-0.152081,-0.312988,-0.795446,-0.199774,-0.348083,-0.908026,-0.233083,-0.063044,-0.507127,-0.077175,-0.114767,-0.577727,-0.176119,-0.109113,-0.400998,-0.194893,-0.081689,-0.300044,-0.188839,0.038525,-0.47381,-0.091018,-0.00102,-0.468597,-0.18376,-0.026761,-0.302473,-0.159192,-0.016782,-0.232613,-0.121347,0.131262,-0.411579,-0.112637,0.092459,-0.426435,-0.167062,0.056356,-0.305432,-0.144775,0.058863,-0.248429,-0.11585
NO,0.0,0.0,0.0,-0.104662,-0.088518,-0.07557,-0.200632,-0.204442,-0.132052,-0.186569,-0.324156,-0.186797,-0.099163,-0.407599,-0.235514,-0.181753,-0.49425,-0.081252,-0.270348,-0.674583,-0.164529,-0.324916,-0.78706,-0.213227,-0.361321,-0.8993,-0.246389,-0.070892,-0.507137,-0.083372,-0.126625,-0.560172,-0.18368,-0.119771,-0.383077,-0.199614,-0.09175,-0.293405,-0.191675,0.031799,-0.476254,-0.096939,-0.015652,-0.444927,-0.190342,-0.036324,-0.282104,-0.162974,-0.021511,-0.226268,-0.123659,0.124683,-0.415504,-0.119002,0.081173,-0.403518,-0.171451,0.04751,-0.279376,-0.146859,0.052499,-0.230743,-0.116678
NO,0.0,0.0,0.0,-0.095115,-0.070357,-0.079565,-0.176923,-0.192361,-0.13584,-0.155127,-0.299961,-0.188175,-0.072587,-0.374354,-0.232292,-0.14783,-0.505619,-0.088133,-0.175654,-0.73481,-0.164302,-0.176541,-0.857249,-0.206473,-0.167444,-0.957313,-0.235617,-0.043825,-0.511536,-0.086793,-0.067651,-0.526729,-0.191348,-0.076666,-0.350422,-0.210187,-0.074197,-0.259629,-0.201715,0.052918,-0.471674,-0.095984,0.026156,-0.433267,-0.191348,-0.001481,-0.270358,-0.167021,-0.000581,-0.212792,-0.129241,0.14359,-0.404674,-0.113686,0.111728,-0.37626,-0.175134,0.077909,-0.260612,-0.160508,0.077992,-0.223977,-0.135344
NO,0.0,0.0,0.0,-0.100998,-0.075877,-0.09122,-0.181426,-0.215776,-0.149396,-0.14698,-0.327605,-0.201688,-0.05354,-0.389414,-0.245186,-0.121058,-0.539008,-0.095964,-0.105925,-0.756902,-0.165502,-0.084518,-0.870737,-0.200842,-0.053975,-0.972416,-0.226921,-0.013308,-0.535297,-0.088309,-0.032074,-0.520497,-0.183861,-0.056256,-0.357762,-0.199112,-0.057462,-0.282808,-0.191686,0.080789,-0.482463,-0.091951,0.047719,-0.405782,-0.186228,0.007179,-0.2601,-0.167058,0.007832,-0.223466,-0.133966,0.167362,-0.405619,-0.105018,0.139114,-0.361432,-0.164325,0.095184,-0.249124,-0.151467,0.088602,-0.217786,-0.128715
NO,0.0,0.0,0.0,-0.095108,-0.087918,-0.087052,-0.170413,-0.230555,-0.1436,-0.135596,-0.34269,-0.195989,-0.041107,-0.406316,-0.240015,-0.111107,-0.55341,-0.083584,-0.095463,-0.764332,-0.148833,-0.073173,-0.877976,-0.183505,-0.04126,-0.977016,-0.209136,-0.00455,-0.543186,-0.077937,-0.022892,-0.523628,-0.174094,-0.045523,-0.357494,-0.193178,-0.050648,-0.271116,-0.187209,0.088692,-0.486836,-0.083216,0.060677,-0.427632,-0.176525,0.022851,-0.279795,-0.158935,0.018867,-0.226591,-0.125673,0.172492,-0.40756,-0.097499,0.150385,-0.380965,-0.15532,0.107198,-0.269688,-0.142127,0.097303,-0.225985,-0.118427
NO,0.0,0.0,0.0,-0.102998,-0.084837,-0.072402,-0.196465,-0.207441,-0.128239,-0.170822,-0.324966,-0.182405,-0.079141,-0.40259,-0.230705,-0.172722,-0.493194,-0.077528,-0.261949,-0.681191,-0.161725,-0.315895,-0.795587,-0.213094,-0.354198,-0.901836,-0.247459,-0.062281,-0.501742,-0.081554,-0.112497,-0.555283,-0.185224,-0.108903,-0.37354,-0.203311,-0.084068,-0.279603,-0.194993,0.039799,-0.467303,-0.096766,-0.000925,-0.449226,-0.192864,-0.02974,-0.281926,-0.164348,-0.02169,-0.220319,-0.122581,0.135171,-0.404484,-0.11997,0.096904,-0.40202,-0.173675,0.055498,-0.27849,-0.146989,0.053195,-0.229091,-0.114108
NO,0.0,0.0,0.0,-0.107776,-0.070579,-0.078742,-0.209931,-0.191895,-0.138328,-0.194291,-0.302993,-0.19348,-0.103043,-0.379692,-0.241071,-0.183509,-0.488272,-0.104327,-0.274988,-0.663449,-0.195812,-0.334239,-0.773414,-0.25033,-0.377608,-0.880346,-0.287061,-0.072328,-0.511781,-0.102076,-0.128963,-0.538789,-0.196602,-0.117084,-0.356577,-0.20791,-0.082812,-0.278046,-0.201359,0.031732,-0.486415,-0.110165,-0.015085,-0.413876,-0.198662,-0.035394,-0.251258,-0.168298,-0.014942,-0.216622,-0.131894,0.128363,-0.430312,-0.127049,0.085578,-0.372229,-0.178949,0.05489,-0.246486,-0.154085,0.067135,-0.217812,-0.125994
NO,0.0,0.0,0.0,-0.110419,-0.076409,-0.074926,-0.20915,-0.195539,-0.128359,-0.187019,-0.307228,-0.17908,-0.099055,-0.384536,-0.223404,-0.194341,-0.491297,-0.088865,-0.279901,-0.66833,-0.172764,-0.334371,-0.779796,-0.221055,-0.371544,-0.892922,-0.254256,-0.080658,-0.509785,-0.08995,-0.134143,-0.547264,-0.187025,-0.12726,-0.377996,-0.201896,-0.099655,-0.299566,-0.19545,0.024504,-0.483156,-0.101647,-0.023068,-0.417691,-0.195702,-0.042544,-0.254566,-0.170851,-0.026237,-0.207139,-0.134356,0.11937,-0.426307,-0.121624,0.074836,-0.376676,-0.178313,0.043884,-0.249684,-0.158256,0.051345,-0.209556,-0.131616
NO,0.0,0.0,0.0,-0.097203,-0.076773,-0.090271,-0.17687,-0.211503,-0.148436,-0.148008,-0.325413,-0.200422,-0.056789,-0.397532,-0.242852,-0.135378,-0.537802,-0.094028,-0.128178,-0.754179,-0.161882,-0.107808,-0.866687,-0.195434,-0.079813,-0.972128,-0.220449,-0.030777,-0.543979,-0.086227,-0.040236,-0.519984,-0.178819,-0.058587,-0.355587,-0.193329,-0.063934,-0.29037,-0.186494,0.0639,-0.498343,-0.089548,0.042083,-0.409796,-0.182794,0.007077,-0.264915,-0.16527,0.004913,-0.239082,-0.13437,0.150906,-0.426281,-0.101957,0.13122,-0.363392,-0.161166,0.089951,-0.247969,-0.149578,0.078877,-0.223028,-0.128318
NO,0.0,0.0,0.0,-0.100154,-0.071245,-0.090703,-0.182527,-0.203504,-0.150724,-0.154483,-0.317127,-0.205447,-0.062462,-0.3887,-0.250921,-0.134896,-0.534887,-0.096055,-0.120505,-0.755746,-0.166456,-0.097329,-0.868796,-0.200065,-0.06524,-0.972238,-0.224715,-0.027341,-0.538016,-0.089131,-0.043744,-0.514785,-0.187034,-0.066246,-0.3423,-0.199806,-0.0652,-0.269604,-0.189575,0.068621,-0.489796,-0.093631,0.03553,-0.403675,-0.189092,-0.00115,-0.25368,-0.167686,0.004058,-0.224754,-0.133038,0.156304,-0.417215,-0.107605,0.123288,-0.355584,-0.165901,0.085437,-0.239741,-0.152397,0.085968,-0.21646,-0.129517
NO,0.0,0.0,0.0,-0.092344,-0.072445,-0.089308,-0.171173,-0.197581,-0.150769,-0.143501,-0.307964,-0.207865,-0.057166,-0.388903,-0.256886,-0.132652,-0.525874,-0.092781,-0.136981,-0.755647,-0.165469,-0.120178,-0.871,-0.205149,-0.091526,-0.96813,-0.233123,-0.027956,-0.523149,-0.0891,-0.046056,-0.521836,-0.194946,-0.065761,-0.350539,-0.215545,-0.068699,-0.261891,-0.208627,0.06606,-0.472608,-0.096701,0.045018,-0.43336,-0.196331,0.00879,-0.277592,-0.174399,0.0039,-0.222301,-0.137137,0.154017,-0.396701,-0.113602,0.133658,-0.384492,-0.175965,0.093641,-0.269664,-0.159686,0.084385,-0.226673,-0.132902
NO,0.0,0.0,0.0,-0.110469,-0.062913,-0.079952,-0.21185,-0.173232,-0.135822,-0.187441,-0.28711,-0.188011,-0.104928,-0.368127,-0.233393,-0.202929,-0.475305,-0.086932,-0.296953,-0.660931,-0.170616,-0.351995,-0.77679,-0.21874,-0.391357,-0.885306,-0.251142,-0.089897,-0.50145,-0.087441,-0.136995,-0.538534,-0.193105,-0.131604,-0.367344,-0.211905,-0.108871,-0.28175,-0.202586,0.014018,-0.476341,-0.099155,-0.029648,-0.408112,-0.198459,-0.049965,-0.242992,-0.173611,-0.039438,-0.193216,-0.13322,0.108998,-0.419097,-0.119626,0.06461,-0.361028,-0.176635,0.036116,-0.236782,-0.155679,0.042847,-0.203033,-0.126202
NO,0.0,0.0,0.0,-0.11393,-0.074006,-0.077619,-0.218232,-0.191628,-0.137122,-0.204783,-0.305176,-0.193397,-0.115976,-0.388108,-0.242955,-0.204645,-0.487544,-0.094809,-0.2999,-0.66314,-0.182194,-0.359766,-0.770041,-0.233414,-0.405179,-0.874055,-0.268063,-0.093558,-0.50873,-0.09585,-0.147704,-0.555326,-0.193372,-0.130653,-0.368651,-0.208107,-0.099253,-0.281493,-0.201875,0.012759,-0.484967,-0.107371,-0.029764,-0.436681,-0.201552,-0.045236,-0.266389,-0.172843,-0.030798,-0.22056,-0.134905,0.110238,-0.429776,-0.127052,0.070878,-0.39864,-0.183197,0.045226,-0.264803,-0.157032,0.052212,-0.222657,-0.126335
NO,0.0,0.0,0.0,-0.112385,-0.040774,-0.090742,-0.216548,-0.157489,-0.153121,-0.195927,-0.2828,-0.208934,-0.11277,-0.374054,-0.254188,-0.202356,-0.480837,-0.092495,-0.256871,-0.692585,-0.173303,-0.281388,-0.818695,-0.216299,-0.296964,-0.922478,-0.246671,-0.093836,-0.513917,-0.089022,-0.115891,-0.519263,-0.197543,-0.106881,-0.335703,-0.214655,-0.090702,-0.250314,-0.202826,0.008594,-0.489893,-0.098216,-0.021252,-0.403534,-0.196891,-0.032629,-0.245297,-0.172219,-0.020662,-0.2106,-0.134265,0.1067,-0.431363,-0.117815,0.07242,-0.336158,-0.179487,0.048117,-0.214283,-0.167276,0.052347,-0.194591,-0.144595
NO,0.0,0.0,0.0,-0.101421,-0.066645,-0.093085,-0.186149,-0.198501,-0.154085,-0.161101,-0.309651,-0.208238,-0.070298,-0.387208,-0.251732,-0.143748,-0.535735,-0.104963,-0.132813,-0.749008,-0.17575,-0.110386,-0.862511,-0.210784,-0.078365,-0.968217,-0.23752,-0.036064,-0.553285,-0.096326,-0.040426,-0.478754,-0.190787,-0.05684,-0.314724,-0.205278,-0.058629,-0.257396,-0.200307,0.059888,-0.510756,-0.098752,0.042804,-0.388163,-0.190027,0.013409,-0.25317,-0.172455,0.016917,-0.239333,-0.144449,0.149084,-0.442182,-0.111137,0.130234,-0.349147,-0.169929,0.092388,-0.240138,-0.161191,0.085322,-0.227513,-0.143277
NO,0.0,0.0,0.0,-0.106719,-0.066216,-0.090124,-0.194381,-0.195537,-0.151467,-0.168515,-0.307292,-0.20754,-0.077044,-0.37964,-0.25446,-0.147685,-0.528218,-0.102946,-0.135641,-0.741647,-0.177001,-0.111512,-0.859286,-0.215323,-0.079158,-0.966514,-0.2441,-0.039404,-0.545126,-0.096482,-0.053304,-0.484738,-0.197002,-0.069122,-0.320544,-0.213371,-0.067632,-0.255073,-0.2074,0.056767,-0.504246,-0.100893,0.027081,-0.391288,-0.192371,-0.002054,-0.256151,-0.172868,0.0035,-0.235623,-0.142678,0.146393,-0.4357,-0.115689,0.113215,-0.343156,-0.172077,0.078865,-0.238969,-0.163094,0.077876,-0.227011,-0.144948
NO,0.0,0.0,0.0,-0.101952,-0.071819,-0.078399,-0.190183,-0.190081,-0.137108,-0.168636,-0.297644,-0.191485,-0.08344,-0.370962,-0.23749,-0.161453,-0.485171,-0.092115,-0.216651,-0.701546,-0.170179,-0.230776,-0.83214,-0.211086,-0.233595,-0.942476,-0.239107,-0.056534,-0.50224,-0.08976,-0.091688,-0.508994,-0.186574,-0.094897,-0.32698,-0.19324,-0.079534,-0.250587,-0.179308,0.040203,-0.468128,-0.098513,0.00979,-0.423945,-0.187676,-0.015335,-0.264361,-0.153748,-0.007924,-0.215812,-0.112533,0.130177,-0.406272,-0.116263,0.097692,-0.372082,-0.172394,0.062587,-0.256826,-0.152594,0.063889,-0.220524,-0.125668
NO,0.0,0.0,0.0,-0.113685,-0.070841,-0.0798,-0.224969,-0.179949,-0.138753,-0.225317,-0.298639,-0.195568,-0.143219,-0.382197,-0.245181,-0.21103,-0.486855,-0.086153,-0.309542,-0.656848,-0.17708,-0.373321,-0.761442,-0.229575,-0.418789,-0.868633,-0.264748,-0.09545,-0.518165,-0.087842,-0.161115,-0.544978,-0.192679,-0.148807,-0.35753,-0.208199,-0.11326,-0.27575,-0.19831,0.011812,-0.496809,-0.101889,-0.045465,-0.421503,-0.200084,-0.057644,-0.251171,-0.17131,-0.031881,-0.210142,-0.130136,0.110179,-0.440374,-0.12515,0.054818,-0.375198,-0.179197,0.029387,-0.243952,-0.15452,0.045671,-0.21209,-0.123858
NO,0.0,0.0,0.0,-0.113568,-0.06178,-0.081749,-0.228609,-0.167785,-0.139317,-0.227601,-0.285616,-0.19364,-0.150826,-0.37055,-0.240334,-0.222055,-0.482909,-0.090825,-0.319749,-0.652483,-0.178786,-0.379816,-0.760804,-0.229335,-0.422845,-0.86715,-0.26316,-0.110242,-0.523773,-0.089475,-0.158369,-0.524924,-0.193587,-0.140931,-0.348036,-0.211363,-0.110091,-0.26527,-0.203028,-0.003824,-0.509531,-0.099872,-0.04693,-0.402592,-0.195803,-0.051639,-0.244656,-0.173284,-0.031704,-0.202706,-0.136732,0.096396,-0.459088,-0.11987,0.05187,-0.36103,-0.175062,0.033449,-0.238396,-0.157829,0.044712,-0.209809,-0.131982
NO,0.0,0.0,0.0,-0.099162,-0.049422,-0.092559,-0.194693,-0.163817,-0.155597,-0.183958,-0.283025,-0.211618,-0.101585,-0.370135,-0.257363,-0.168831,-0.49282,-0.109685,-0.18033,-0.715692,-0.188292,-0.167908,-0.840776,-0.229988,-0.148058,-0.953868,-0.261179,-0.061905,-0.525265,-0.101695,-0.078085,-0.477716,-0.205838,-0.084285,-0.308982,-0.221277,-0.08148,-0.238654,-0.213628,0.035522,-0.498164,-0.105084,0.009511,-0.38671,-0.197608,-0.009729,-0.250617,-0.1759,-0.005507,-0.227244,-0.14455,0.129399,-0.43846,-0.119308,0.096788,-0.336677,-0.180465,0.06609,-0.232789,-0.173869,0.061064,-0.222108,-0.156833
NO,0.0,0.0,0.0,-0.110021,-0.061275,-0.094319,-0.201996,-0.186301,-0.157887,-0.177299,-0.299541,-0.215136,-0.086882,-0.377101,-0.261616,-0.158591,-0.519681,-0.107433,-0.148227,-0.736604,-0.184837,-0.126122,-0.852916,-0.223688,-0.096335,-0.962671,-0.25295,-0.049599,-0.54096,-0.099593,-0.059388,-0.487904,-0.205798,-0.073083,-0.31251,-0.220866,-0.071269,-0.244465,-0.212287,0.048665,-0.507627,-0.10347,0.02363,-0.399254,-0.199162,-0.00195,-0.257038,-0.176892,0.004041,-0.236133,-0.143684,0.140855,-0.445012,-0.118221,0.108456,-0.344517,-0.178351,0.077447,-0.239452,-0.170636,0.077391,-0.233242,-0.152638
NO,0.0,0.0,0.0,-0.097249,-0.059806,-0.085445,-0.18555,-0.178177,-0.143815,-0.166694,-0.290311,-0.197189,-0.086534,-0.371493,-0.241485,-0.154866,-0.503831,-0.098294,-0.167994,-0.727064,-0.174781,-0.16112,-0.85025,-0.215148,-0.144886,-0.958894,-0.24399,-0.049968,-0.521523,-0.093476,-0.070351,-0.496459,-0.200934,-0.079226,-0.324398,-0.218774,-0.0746,-0.24071,-0.209892,0.046874,-0.488827,-0.099486,0.021247,-0.403216,-0.195154,-0.00198,-0.256727,-0.172912,0.002152,-0.216181,-0.137832,0.141104,-0.426922,-0.115384,0.113397,-0.359211,-0.176681,0.078397,-0.249073,-0.166527,0.073534,-0.224051,-0.145406
NO,0.0,0.0,0.0,-0.107144,-0.063526,-0.081707,-0.209792,-0.170697,-0.141346,-0.195201,-0.281847,-0.19767,-0.11283,-0.362409,-0.246354,-0.195932,-0.486543,-0.09319,-0.274305,-0.666501,-0.180136,-0.321889,-0.781067,-0.229522,-0.358015,-0.895807,-0.263353,-0.081837,-0.517481,-0.092464,-0.123984,-0.511954,-0.194661,-0.115154,-0.329676,-0.209477,-0.092382,-0.257577,-0.200826,0.021942,-0.492292,-0.103544,-0.018709,-0.400491,-0.197899,-0.03597,-0.241777,-0.17191,-0.024273,-0.212747,-0.134846,0.117276,-0.434238,-0.124184,0.078315,-0.353509,-0.177331,0.048495,-0.233835,-0.158016,0.051216,-0.214443,-0.132339
NO,0.0,0.0,0.0,-0.114391,-0.052392,-0.081231,-0.232558,-0.165445,-0.142149,-0.225647,-0.286943,-0.199508,-0.136753,-0.373703,-0.248673,-0.216398,-0.480991,-0.097871,-0.309246,-0.653112,-0.188363,-0.368613,-0.762687,-0.242411,-0.413599,-0.866362,-0.279915,-0.103234,-0.520901,-0.096667,-0.158933,-0.520036,-0.193511,-0.137029,-0.331993,-0.208369,-0.102783,-0.244759,-0.203473,0.003291,-0.502662,-0.106742,-0.042224,-0.418591,-0.194002,-0.051947,-0.259187,-0.1665,-0.033761,-0.218007,-0.132846,0.100919,-0.447638,-0.126839,0.054239,-0.355895,-0.180142,0.031496,-0.23635,-0.162781,0.041223,-0.212754,-0.140077
NO,0.0,0.0,0.0,-0.104382,-0.055297,-0.078796,-0.206388,-0.169266,-0.135637,-0.190556,-0.283931,-0.188767,-0.109525,-0.36398,-0.232905,-0.185889,-0.481882,-0.085979,-0.260796,-0.680155,-0.167056,-0.298161,-0.801527,-0.21279,-0.322922,-0.913952,-0.245789,-0.079098,-0.511041,-0.086579,-0.122489,-0.508969,-0.188033,-0.114739,-0.334531,-0.204141,-0.089764,-0.267354,-0.196011,0.020073,-0.485514,-0.098571,-0.025686,-0.40107,-0.189495,-0.039939,-0.250692,-0.163187,-0.023664,-0.227514,-0.127512,0.112842,-0.427829,-0.120345,0.066076,-0.340206,-0.174645,0.039408,-0.226651,-0.158459,0.048483,-0.21535,-0.135146
NO,0.0,0.0,0.0,-0.096133,-0.078035,-0.080252,-0.170992,-0.21051,-0.135514,-0.132465,-0.314736,-0.185969,-0.043724,-0.381282,-0.227728,-0.130326,-0.510119,-0.090863,-0.140734,-0.730725,-0.165189,-0.128068,-0.854737,-0.207851,-0.105471,-0.965224,-0.239203,-0.025633,-0.511306,-0.089666,-0.039301,-0.505236,-0.196139,-0.060841,-0.332643,-0.214769,-0.064429,-0.247645,-0.206329,0.067659,-0.466859,-0.098931,0.052383,-0.415804,-0.193565,0.015006,-0.269039,-0.168308,0.010368,-0.222649,-0.130657,0.1549,-0.395579,-0.117397,0.137369,-0.36057,-0.176427,0.094633,-0.254064,-0.160828,0.085516,-0.22473,-0.135879
NO,0.0,0.0,0.0,-0.094176,-0.085531,-0.075899,-0.163476,-0.226913,-0.129172,-0.117692,-0.338776,-0.179099,-0.020567,-0.392168,-0.221048,-0.120842,-0.505648,-0.074809,-0.145557,-0.733642,-0.150005,-0.139808,-0.861748,-0.191625,-0.123238,-0.967633,-0.220224,-0.019067,-0.495522,-0.07701,-0.029433,-0.550635,-0.185831,-0.048237,-0.379663,-0.206138,-0.047912,-0.287725,-0.194706,0.071961,-0.447958,-0.090003,0.058508,-0.44776,-0.191752,0.016691,-0.288245,-0.167166,0.014132,-0.22844,-0.124782,0.154832,-0.370778,-0.110615,0.129137,-0.364741,-0.172328,0.085023,-0.255233,-0.153811,0.079855,-0.220046,-0.124193
NO,0.0,0.0,0.0,-0.125323,-0.032846,-0.078894,-0.253245,-0.127671,-0.135235,-0.251813,-0.252572,-0.187941,-0.175787,-0.34321,-0.232803,-0.256644,-0.452596,-0.080487,-0.362779,-0.635151,-0.163961,-0.426566,-0.744855,-0.211998,-0.471438,-0.846933,-0.245866,-0.146874,-0.499838,-0.082943,-0.215699,-0.502938,-0.190496,-0.196342,-0.328861,-0.208914,-0.157394,-0.257264,-0.199185,-0.0431,-0.492377,-0.097838,-0.103358,-0.406378,-0.192029,-0.103306,-0.248346,-0.165029,-0.076604,-0.221976,-0.126713,0.05756,-0.449443,-0.122535,-0.003603,-0.358186,-0.175759,-0.017816,-0.234857,-0.156217,3.4e-05,-0.220849,-0.129534
NO,0.0,0.0,0.0,-0.12021,-0.032326,-0.078151,-0.244118,-0.128176,-0.136766,-0.240512,-0.251431,-0.192421,-0.163259,-0.344934,-0.240524,-0.246571,-0.447262,-0.086822,-0.357274,-0.634414,-0.174265,-0.421984,-0.745013,-0.223697,-0.46538,-0.846614,-0.258199,-0.137545,-0.496942,-0.09195,-0.207864,-0.492777,-0.207432,-0.188681,-0.314468,-0.226737,-0.14835,-0.241031,-0.215539,-0.033718,-0.487912,-0.109201,-0.092992,-0.39376,-0.208278,-0.090684,-0.231368,-0.177479,-0.061415,-0.206321,-0.135189,0.068877,-0.443054,-0.136392,0.010272,-0.349938,-0.191085,-0.002112,-0.225566,-0.168345,0.018493,-0.215477,-0.13865
NO,0.0,0.0,0.0,-0.096089,-0.082145,-0.070493,-0.169286,-0.23987,-0.116527,-0.118378,-0.369102,-0.157918,-0.020217,-0.423186,-0.192431,-0.120047,-0.512359,-0.064901,-0.115892,-0.73449,-0.126558,-0.092458,-0.868714,-0.16399,-0.065395,-0.978999,-0.19309,-0.016631,-0.495253,-0.064171,-0.029547,-0.567201,-0.154788,-0.058637,-0.403378,-0.172,-0.072457,-0.300978,-0.16343,0.073731,-0.441174,-0.072948,0.059404,-0.467866,-0.15993,0.010735,-0.317883,-0.138082,-0.002619,-0.24528,-0.102745,0.155922,-0.35624,-0.088238,0.135871,-0.383507,-0.148587,0.084097,-0.276669,-0.13435,0.068707,-0.223411,-0.109739
NO,0.0,0.0,0.0,-0.09218,-0.087096,-0.084203,-0.15657,-0.233643,-0.140817,-0.111508,-0.355237,-0.193845,-0.014628,-0.411863,-0.239753,-0.103337,-0.516547,-0.073932,-0.10625,-0.753138,-0.148764,-0.081725,-0.876761,-0.191835,-0.047435,-0.974233,-0.220498,-0.003581,-0.491488,-0.072688,-0.000918,-0.564272,-0.18374,-0.026826,-0.39611,-0.207426,-0.037189,-0.293325,-0.195916,0.085424,-0.435206,-0.083328,0.077907,-0.454528,-0.186728,0.031491,-0.29763,-0.166564,0.019335,-0.224877,-0.124645,0.165755,-0.354769,-0.102192,0.147614,-0.37148,-0.164494,0.101686,-0.267016,-0.147336,0.088119,-0.220116,-0.11735
NO,0.0,0.0,0.0,-0.118107,-0.070112,-0.07301,-0.225997,-0.188038,-0.12471,-0.200981,-0.312059,-0.173468,-0.111579,-0.38961,-0.214897,-0.210813,-0.489106,-0.073011,-0.294487,-0.670037,-0.150926,-0.34533,-0.784896,-0.197422,-0.382405,-0.894955,-0.22983,-0.09693,-0.517394,-0.074653,-0.157244,-0.552823,-0.164727,-0.155759,-0.386853,-0.179792,-0.130886,-0.304912,-0.172292,0.008439,-0.491633,-0.087369,-0.050325,-0.427961,-0.172925,-0.069128,-0.275556,-0.150228,-0.051417,-0.233778,-0.115942,0.102528,-0.433187,-0.10853,0.040972,-0.37353,-0.159936,0.018023,-0.258771,-0.141712,0.033552,-0.230017,-0.116004
NO,0.0,0.0,0.0,-0.113507,-0.053236,-0.066445,-0.220937,-0.175487,-0.113841,-0.193813,-0.308269,-0.159893,-0.111577,-0.388217,-0.199682,-0.208644,-0.470117,-0.068961,-0.296597,-0.668862,-0.143324,-0.345423,-0.790217,-0.186016,-0.378499,-0.899868,-0.216737,-0.10101,-0.495258,-0.076432,-0.150029,-0.541724,-0.181837,-0.145211,-0.373366,-0.203013,-0.123061,-0.281183,-0.194273,-0.00175,-0.472557,-0.093838,-0.04214,-0.440314,-0.189902,-0.058556,-0.279464,-0.166592,-0.046502,-0.222331,-0.128145,0.091912,-0.416632,-0.119058,0.049906,-0.378645,-0.17602,0.02285,-0.259469,-0.158421,0.02928,-0.221974,-0.131616
NO,0.0,0.0,0.0,-0.087565,-0.098354,-0.06823,-0.144435,-0.274568,-0.108261,-0.076444,-0.398149,-0.144965,0.024821,-0.446945,-0.176587,-0.08327,-0.5304,-0.053359,-0.056981,-0.752088,-0.106714,-0.019678,-0.882199,-0.140645,0.019046,-0.985678,-0.167557,0.013273,-0.49391,-0.052414,0.025463,-0.600817,-0.136367,-0.002631,-0.456201,-0.157328,-0.02836,-0.348557,-0.151344,0.099141,-0.427858,-0.060584,0.106514,-0.488321,-0.147235,0.055957,-0.340182,-0.132406,0.0289,-0.256318,-0.099688,0.176149,-0.333941,-0.074334,0.18131,-0.401859,-0.137585,0.1262,-0.295579,-0.125952,0.095122,-0.228835,-0.10221
NO,0.0,0.0,0.0,-0.09417,-0.091657,-0.07831,-0.150772,-0.262298,-0.124728,-0.08222,-0.394536,-0.16466,0.021306,-0.446352,-0.198406,-0.093984,-0.51858,-0.066581,-0.070898,-0.744281,-0.123814,-0.035464,-0.875942,-0.15903,0.001943,-0.982305,-0.187279,0.005391,-0.488778,-0.064387,0.028595,-0.60033,-0.153343,0.004889,-0.441984,-0.172421,-0.02077,-0.330319,-0.164254,0.092056,-0.422379,-0.071915,0.109019,-0.479204,-0.162055,0.057755,-0.322408,-0.142502,0.026137,-0.240674,-0.10613,0.168311,-0.32989,-0.085987,0.178353,-0.390535,-0.15137,0.126391,-0.283235,-0.137832,0.09427,-0.22421,-0.112763
NO,0.0,0.0,0.0,-0.11075,-0.069478,-0.074152,-0.209084,-0.191953,-0.127364,-0.180636,-0.313476,-0.176068,-0.091971,-0.398007,-0.217674,-0.202409,-0.4765,-0.082065,-0.289189,-0.658546,-0.162392,-0.33908,-0.778829,-0.212209,-0.378657,-0.891674,-0.248064,-0.092377,-0.496672,-0.083354,-0.134743,-0.54701,-0.179914,-0.117437,-0.365246,-0.197637,-0.090598,-0.273344,-0.19251,0.014041,-0.473953,-0.094995,-0.012131,-0.450597,-0.185205,-0.03244,-0.285487,-0.156977,-0.024292,-0.235397,-0.119575,0.112723,-0.420914,-0.114868,0.086003,-0.402192,-0.170929,0.053469,-0.275253,-0.147997,0.052797,-0.235307,-0.119358
NO,0.0,0.0,0.0,-0.113529,-0.070339,-0.071231,-0.213459,-0.193353,-0.123757,-0.182957,-0.316893,-0.17229,-0.091643,-0.400486,-0.213991,-0.198763,-0.489342,-0.084147,-0.277478,-0.669501,-0.163146,-0.322676,-0.783376,-0.213395,-0.360286,-0.898727,-0.249967,-0.091135,-0.508182,-0.085814,-0.125401,-0.540444,-0.173649,-0.105789,-0.354869,-0.18916,-0.082942,-0.273899,-0.186614,0.014326,-0.483611,-0.097228,-0.003964,-0.450193,-0.182316,-0.020944,-0.28198,-0.154898,-0.016488,-0.234995,-0.120571,0.111159,-0.431381,-0.116519,0.093353,-0.403507,-0.169982,0.061443,-0.273603,-0.146833,0.055736,-0.235384,-0.119219
NO,0.0,0.0,0.0,-0.101991,-0.082042,-0.083008,-0.173911,-0.22568,-0.132602,-0.127607,-0.349481,-0.177663,-0.034794,-0.420958,-0.214022,-0.141598,-0.522587,-0.069958,-0.130134,-0.749082,-0.133457,-0.104559,-0.869218,-0.169081,-0.076966,-0.977679,-0.1955,-0.039877,-0.515289,-0.066124,-0.038617,-0.5503,-0.16574,-0.053196,-0.381771,-0.187273,-0.065107,-0.292727,-0.179365,0.054019,-0.472914,-0.073566,0.051335,-0.456391,-0.170386,0.017991,-0.295836,-0.152628,0.004695,-0.23532,-0.11578,0.141451,-0.406553,-0.089269,0.136709,-0.403388,-0.150927,0.09991,-0.289436,-0.137843,0.084152,-0.24748,-0.112398
NO,0.0,0.0,0.0,-0.100647,-0.077878,-0.099546,-0.170733,-0.218236,-0.164049,-0.129389,-0.346978,-0.22191,-0.033219,-0.422686,-0.272312,-0.13512,-0.511809,-0.083083,-0.137671,-0.725633,-0.164381,-0.113675,-0.854377,-0.212075,-0.082585,-0.966039,-0.244842,-0.031467,-0.501518,-0.078518,-0.024726,-0.573844,-0.19642,-0.042219,-0.388186,-0.220233,-0.050011,-0.288257,-0.207484,0.063918,-0.45515,-0.088174,0.067795,-0.468528,-0.200329,0.027719,-0.293226,-0.176874,0.013577,-0.229564,-0.131338,0.150349,-0.381955,-0.107389,0.145539,-0.394606,-0.174985,0.102821,-0.272444,-0.155544,0.085468,-0.232079,-0.123875
NO,0.0,0.0,0.0,-0.107376,-0.093332,-0.065888,-0.195985,-0.25428,-0.11201,-0.161929,-0.384026,-0.156139,-0.061738,-0.453525,-0.194286,-0.164835,-0.500404,-0.073104,-0.252734,-0.681126,-0.153946,-0.310775,-0.795634,-0.204174,-0.353812,-0.90453,-0.237999,-0.05853,-0.509391,-0.077001,-0.117069,-0.593496,-0.162736,-0.110948,-0.425734,-0.177184,-0.079486,-0.338297,-0.17362,0.045571,-0.479682,-0.090357,0.000507,-0.471438,-0.1769,-0.030105,-0.303056,-0.150019,-0.018556,-0.245533,-0.114562,0.142346,-0.418978,-0.110947,0.102491,-0.416016,-0.161731,0.06221,-0.28531,-0.133434,0.063144,-0.232556,-0.102375
NO,0.0,0.0,0.0,-0.115036,-0.099317,-0.069285,-0.213265,-0.238631,-0.120937,-0.186337,-0.379615,-0.172077,-0.089055,-0.467075,-0.218009,-0.188465,-0.501737,-0.064394,-0.2803,-0.685568,-0.142103,-0.33734,-0.794051,-0.188625,-0.377776,-0.899428,-0.219808,-0.079172,-0.508321,-0.069439,-0.135375,-0.602242,-0.163379,-0.121279,-0.422546,-0.180132,-0.08797,-0.32565,-0.173393,0.027903,-0.47665,-0.085243,-0.015235,-0.487697,-0.179272,-0.037115,-0.312767,-0.154672,-0.02452,-0.246441,-0.116288,0.127166,-0.416754,-0.107925,0.083131,-0.438748,-0.160608,0.048828,-0.305442,-0.133919,0.052631,-0.245962,-0.102376
NO,0.0,0.0,0.0,-0.128027,-0.063394,-0.083455,-0.216266,-0.280524,-0.132127,-0.134187,-0.456998,-0.172844,0.003845,-0.514849,-0.207003,-0.146155,-0.548433,-0.067456,-0.179345,-0.744185,-0.142101,-0.200635,-0.85636,-0.188221,-0.211464,-0.951525,-0.223346,-0.021007,-0.54586,-0.064135,-0.021768,-0.643529,-0.167631,-0.041945,-0.435263,-0.190477,-0.045207,-0.320828,-0.183665,0.085709,-0.495581,-0.072601,0.078308,-0.545409,-0.19013,0.028461,-0.350356,-0.170877,0.020735,-0.260483,-0.12989,0.184028,-0.407763,-0.086616,0.170775,-0.45424,-0.173962,0.117551,-0.313227,-0.163554,0.103846,-0.245171,-0.137591
NO,0.0,0.0,0.0,-0.088122,-0.105509,-0.074535,-0.121614,-0.282446,-0.117909,-0.040698,-0.386704,-0.157451,0.053883,-0.427199,-0.191155,-0.057147,-0.543752,-0.062807,-0.022149,-0.759859,-0.122815,0.010657,-0.877609,-0.158988,0.043242,-0.981502,-0.186503,0.045122,-0.492192,-0.064195,0.071801,-0.575839,-0.155565,0.023151,-0.416697,-0.174861,-0.01467,-0.331184,-0.166449,0.129024,-0.411367,-0.075072,0.147727,-0.454379,-0.169953,0.077104,-0.297147,-0.145635,0.035356,-0.227726,-0.104708,0.195494,-0.309269,-0.092245,0.208759,-0.358466,-0.156819,0.146118,-0.255345,-0.134863,0.107842,-0.206203,-0.103054
NO,0.0,0.0,0.0,-0.105808,-0.094044,-0.084301,-0.162086,-0.292305,-0.129131,-0.080962,-0.445368,-0.166199,0.036827,-0.50443,-0.199341,-0.118979,-0.536777,-0.055899,-0.144904,-0.72143,-0.121663,-0.157403,-0.855985,-0.165225,-0.15889,-0.967158,-0.198389,-0.005229,-0.522432,-0.052036,0.015796,-0.661076,-0.145386,-0.01206,-0.50254,-0.169714,-0.032243,-0.392532,-0.162843,0.092108,-0.46517,-0.059757,0.11514,-0.535941,-0.166675,0.048611,-0.373396,-0.15425,0.017139,-0.292117,-0.118119,0.176515,-0.373543,-0.073155,0.18836,-0.420072,-0.153623,0.120057,-0.303197,-0.143577,0.08141,-0.241889,-0.118354
NO,0.0,0.0,0.0,-0.121907,-0.033788,-0.072345,-0.24003,-0.135993,-0.123603,-0.224491,-0.256952,-0.172633,-0.146036,-0.33757,-0.215102,-0.236068,-0.459312,-0.080117,-0.331897,-0.647855,-0.15786,-0.388808,-0.764242,-0.20468,-0.430728,-0.870408,-0.238461,-0.126446,-0.512208,-0.084712,-0.186095,-0.504238,-0.186281,-0.178884,-0.344181,-0.207793,-0.157928,-0.258125,-0.202046,-0.024677,-0.501516,-0.09941,-0.078119,-0.404294,-0.191654,-0.087525,-0.248767,-0.169096,-0.07485,-0.190211,-0.13331,0.070722,-0.451452,-0.123516,0.022533,-0.362752,-0.183417,-0.00223,-0.239555,-0.169042,0.000577,-0.194402,-0.143806
NO,0.0,0.0,0.0,-0.108575,-0.001843,-0.073879,-0.223206,-0.086524,-0.128929,-0.21218,-0.210714,-0.181819,-0.122426,-0.284652,-0.231984,-0.224623,-0.413393,-0.102978,-0.31805,-0.620149,-0.179541,-0.370843,-0.759005,-0.225038,-0.407594,-0.875856,-0.258346,-0.115722,-0.475135,-0.108751,-0.145004,-0.444418,-0.210825,-0.138258,-0.279328,-0.225841,-0.117324,-0.209696,-0.214654,-0.01107,-0.461756,-0.1229,-0.03933,-0.343318,-0.204368,-0.057583,-0.206606,-0.175406,-0.053569,-0.182978,-0.138725,0.092331,-0.412877,-0.147244,0.0604,-0.309952,-0.193468,0.029371,-0.195816,-0.168825,0.022426,-0.170026,-0.138525
NO,0.0,0.0,0.0,-0.102943,-0.064119,-0.066372,-0.17224,-0.22913,-0.107125,-0.160847,-0.368064,-0.145532,-0.115089,-0.469057,-0.181264,-0.101009,-0.485737,-0.064913,-0.11051,-0.719553,-0.133331,-0.110916,-0.861723,-0.180544,-0.092406,-0.972391,-0.214285,-0.002576,-0.463201,-0.068958,0.027115,-0.635175,-0.157003,-0.012635,-0.510501,-0.179814,-0.035163,-0.390811,-0.17495,0.085828,-0.401758,-0.081839,0.110579,-0.550678,-0.16545,0.052053,-0.416281,-0.141886,0.024017,-0.305657,-0.105259,0.165722,-0.309824,-0.100984,0.17809,-0.422137,-0.167075,0.116697,-0.325043,-0.149381,0.086626,-0.229611,-0.120807
NO,0.0,0.0,0.0,-0.130865,-0.177279,-0.070079,-0.215589,-0.376918,-0.106045,-0.224853,-0.583346,-0.140152,-0.135834,-0.681256,-0.166608,-0.083561,-0.61684,0.016971,-0.052762,-0.828263,-0.013305,-0.044613,-0.918413,-0.053244,-0.041114,-0.995451,-0.08595,0.010874,-0.603828,0.023295,0.04323,-0.814423,0.007517,0.051526,-0.907213,-0.023289,0.049911,-0.980876,-0.050411,0.094143,-0.558043,0.014194,0.127368,-0.747821,-0.000666,0.133692,-0.841341,-0.016385,0.124712,-0.907759,-0.031537,0.171081,-0.478023,-0.005089,0.197012,-0.624516,-0.015921,0.198482,-0.711338,-0.02038,0.192132,-0.780052,-0.025487
NO,0.0,0.0,0.0,-0.163442,-0.07029,-0.070728,-0.297423,-0.174596,-0.116429,-0.38126,-0.307807,-0.161186,-0.387462,-0.428809,-0.200636,-0.242389,-0.506083,-0.02064,-0.278841,-0.705725,-0.078671,-0.297386,-0.819819,-0.137433,-0.304279,-0.923516,-0.180592,-0.161333,-0.549087,-0.021275,-0.203895,-0.763777,-0.060745,-0.220713,-0.873193,-0.097013,-0.237256,-0.963262,-0.125842,-0.074903,-0.553769,-0.037195,-0.112223,-0.755667,-0.073467,-0.12949,-0.854814,-0.090042,-0.149624,-0.92296,-0.100864,0.023021,-0.520409,-0.063496,-0.015844,-0.690368,-0.092692,-0.041245,-0.77795,-0.10002,-0.061901,-0.844591,-0.103232
NO,0.0,0.0,0.0,-0.15171,-0.063543,-0.057428,-0.281872,-0.172783,-0.095534,-0.355584,-0.292379,-0.133059,-0.40145,-0.406903,-0.169185,-0.235003,-0.480059,-0.035118,-0.298631,-0.67141,-0.088354,-0.333944,-0.784615,-0.14005,-0.356977,-0.887597,-0.179334,-0.160384,-0.520073,-0.041064,-0.227271,-0.728425,-0.081125,-0.26595,-0.83939,-0.11942,-0.296133,-0.943048,-0.151548,-0.079024,-0.522522,-0.058177,-0.146798,-0.71895,-0.094566,-0.186103,-0.830995,-0.120403,-0.218837,-0.926117,-0.141043,0.021379,-0.486265,-0.082946,-0.034129,-0.65158,-0.113818,-0.074008,-0.747576,-0.127787,-0.110548,-0.833913,-0.138718
NO,0.0,0.0,0.0,-0.123451,-0.171652,-0.057703,-0.210737,-0.35228,-0.087541,-0.247165,-0.524014,-0.119052,-0.226203,-0.647961,-0.145935,-0.072106,-0.582585,0.002699,-0.042984,-0.780494,-0.040304,-0.030862,-0.882657,-0.090184,-0.016568,-0.972347,-0.129477,0.015712,-0.578435,-0.001735,0.051698,-0.796507,-0.034144,0.062023,-0.907956,-0.077821,0.063901,-0.991227,-0.115696,0.094713,-0.533976,-0.019436,0.144555,-0.721614,-0.054916,0.145535,-0.788119,-0.085503,0.124302,-0.807384,-0.108605,0.170222,-0.447964,-0.045168,0.19532,-0.587017,-0.074763,0.180427,-0.648687,-0.09033,0.148616,-0.672013,-0.102149
NO,0.0,0.0,0.0,-0.126985,-0.160938,-0.063644,-0.204131,-0.348792,-0.094939,-0.219113,-0.527813,-0.123595,-0.19361,-0.667355,-0.145576,-0.056146,-0.583894,-0.009443,-0.017058,-0.786856,-0.056352,0.016005,-0.892228,-0.10391,0.055163,-0.982529,-0.137826,0.03394,-0.571938,-0.005104,0.076092,-0.788328,-0.027681,0.105893,-0.89345,-0.048021,0.134453,-0.988693,-0.0664,0.111708,-0.524543,-0.015173,0.153546,-0.702673,-0.032846,0.181179,-0.783645,-0.029043,0.202113,-0.848763,-0.02881,0.186297,-0.435994,-0.036396,0.215312,-0.577296,-0.048001,0.226277,-0.645731,-0.038961,0.234613,-0.698433,-0.031785
NO,0.0,0.0,0.0,-0.151248,-0.079805,-0.071003,-0.273737,-0.228732,-0.108652,-0.338708,-0.377987,-0.142487,-0.361167,-0.509547,-0.171652,-0.185858,-0.519051,-0.029408,-0.209195,-0.719571,-0.083333,-0.213263,-0.844957,-0.136587,-0.205577,-0.953228,-0.176393,-0.101077,-0.541736,-0.02838,-0.124998,-0.748934,-0.066805,-0.125892,-0.871711,-0.103402,-0.117393,-0.984125,-0.133102,-0.018231,-0.52435,-0.041312,-0.030161,-0.709587,-0.079725,-0.028374,-0.813135,-0.101364,-0.0251,-0.896603,-0.117113,0.073057,-0.465951,-0.063784,0.049984,-0.618072,-0.098399,0.033413,-0.699667,-0.110366,0.020206,-0.767301,-0.117667
NO,0.0,0.0,0.0,-0.163425,-0.022821,-0.07239,-0.292648,-0.12839,-0.115177,-0.367148,-0.251227,-0.152135,-0.414822,-0.379726,-0.185788,-0.253018,-0.435223,-0.059405,-0.308998,-0.630168,-0.114068,-0.338996,-0.752028,-0.161856,-0.360942,-0.862004,-0.19731,-0.171247,-0.479719,-0.057599,-0.233733,-0.685811,-0.101633,-0.27084,-0.816184,-0.140435,-0.303954,-0.937514,-0.169351,-0.082385,-0.480792,-0.06632,-0.142468,-0.67719,-0.107069,-0.181013,-0.79775,-0.135462,-0.216496,-0.906206,-0.154549,0.019665,-0.446509,-0.082685,-0.027969,-0.609995,-0.121262,-0.067576,-0.709697,-0.14058,-0.104549,-0.803666,-0.151647
NO,0.0,0.0,0.0,-0.139802,-0.133535,-0.057278,-0.241076,-0.305794,-0.086794,-0.290316,-0.472141,-0.116957,-0.273598,-0.600771,-0.142133,-0.126426,-0.561526,0.000526,-0.122097,-0.766759,-0.041844,-0.123791,-0.876489,-0.08888,-0.119144,-0.974199,-0.125494,-0.042398,-0.569728,-0.002507,-0.037292,-0.791492,-0.030739,-0.035313,-0.906423,-0.064967,-0.035203,-0.994876,-0.094781,0.037845,-0.537599,-0.019053,0.0554,-0.732669,-0.049665,0.056144,-0.811813,-0.071413,0.043457,-0.856894,-0.088999,0.117851,-0.467544,-0.044128,0.1205,-0.607764,-0.073402,0.09867,-0.664242,-0.08458,0.068515,-0.692205,-0.092437
NO,0.0,0.0,0.0,-0.124975,-0.155669,-0.065341,-0.194741,-0.349887,-0.096586,-0.199631,-0.531444,-0.124515,-0.16932,-0.674056,-0.146391,-0.04242,-0.574604,-0.009373,-0.000495,-0.774165,-0.050065,0.031458,-0.88474,-0.09305,0.06547,-0.979945,-0.125114,0.046001,-0.560427,-0.004658,0.091418,-0.773634,-0.025293,0.118277,-0.885447,-0.048197,0.14285,-0.987332,-0.069061,0.121336,-0.512915,-0.013846,0.163672,-0.703871,-0.031991,0.189862,-0.806308,-0.038007,0.211547,-0.894532,-0.045308,0.195501,-0.426365,-0.033338,0.231147,-0.586558,-0.049547,0.246242,-0.677397,-0.05008,0.260764,-0.756991,-0.050566
NO,0.0,0.0,0.0,-0.126126,-0.136594,-0.0854,-0.220616,-0.314817,-0.129793,-0.249996,-0.494208,-0.169802,-0.226239,-0.645921,-0.201695,-0.094969,-0.615967,-0.034989,-0.061768,-0.837335,-0.087769,-0.036703,-0.926112,-0.138277,-0.007277,-0.982042,-0.174149,-0.005416,-0.611632,-0.026864,0.033694,-0.84654,-0.063592,0.053317,-0.939876,-0.099638,0.066091,-0.989384,-0.129424,0.072416,-0.569436,-0.034467,0.119496,-0.759051,-0.072999,0.129445,-0.815465,-0.098552,0.119256,-0.824113,-0.117718,0.14443,-0.48629,-0.052802,0.166779,-0.618361,-0.088423,0.158307,-0.660618,-0.104607,0.135541,-0.666324,-0.11521
NO,0.0,0.0,0.0,-0.135396,-0.077453,-0.07522,-0.253958,-0.228401,-0.113409,-0.299317,-0.392492,-0.149716,-0.278572,-0.539091,-0.179814,-0.223275,-0.518684,-0.019217,-0.29227,-0.71262,-0.070295,-0.322192,-0.835334,-0.116472,-0.328367,-0.932592,-0.149824,-0.129349,-0.558315,-0.017358,-0.148847,-0.788731,-0.058876,-0.146637,-0.878498,-0.090681,-0.132855,-0.911903,-0.109709,-0.038643,-0.550448,-0.030323,-0.052572,-0.764669,-0.071655,-0.056459,-0.847994,-0.08814,-0.051567,-0.879513,-0.094875,0.054685,-0.504365,-0.052909,0.033916,-0.668678,-0.089684,0.023328,-0.732219,-0.097975,0.018757,-0.751503,-0.098334
NO,0.0,0.0,0.0,-0.106733,-0.09582,-0.045346,-0.196553,-0.263662,-0.081378,-0.190905,-0.409468,-0.119942,-0.128002,-0.493949,-0.155513,-0.144457,-0.502882,-0.037813,-0.198239,-0.720612,-0.102417,-0.224907,-0.851906,-0.141876,-0.234719,-0.957229,-0.169172,-0.0475,-0.487991,-0.051295,-0.080305,-0.621398,-0.142885,-0.0972,-0.470971,-0.165966,-0.087087,-0.360751,-0.159649,0.044927,-0.44387,-0.072964,0.006035,-0.530701,-0.159569,-0.023204,-0.37785,-0.139688,-0.013168,-0.294138,-0.104378,0.134408,-0.371812,-0.098512,0.090207,-0.457489,-0.151907,0.055698,-0.347451,-0.130151,0.064668,-0.280457,-0.101043
NO,0.0,0.0,0.0,-0.096368,-0.124756,-0.069725,-0.144219,-0.311799,-0.107956,-0.063419,-0.439769,-0.144758,0.041522,-0.497315,-0.175015,-0.100326,-0.540899,-0.03497,-0.093246,-0.770116,-0.092582,-0.078573,-0.887272,-0.119588,-0.055425,-0.988764,-0.138831,-0.00064,-0.504143,-0.037875,0.006306,-0.629165,-0.131358,-0.031082,-0.457626,-0.144628,-0.039531,-0.362472,-0.127897,0.088254,-0.436617,-0.053228,0.088421,-0.503827,-0.157634,0.027838,-0.334599,-0.137298,0.022122,-0.269328,-0.09418,0.166189,-0.346249,-0.073857,0.1533,-0.409795,-0.140633,0.099351,-0.293732,-0.123452,0.093166,-0.244706,-0.094538
NO,0.0,0.0,0.0,-0.103347,-0.098111,-0.061824,-0.172791,-0.319308,-0.100077,-0.120855,-0.496578,-0.14135,-0.011333,-0.57855,-0.180301,-0.12937,-0.524771,-0.023817,-0.198772,-0.722467,-0.101187,-0.26669,-0.839266,-0.149429,-0.307154,-0.934871,-0.17797,-0.022883,-0.538969,-0.02962,-0.082193,-0.74052,-0.114105,-0.131838,-0.648516,-0.138443,-0.127059,-0.577717,-0.13468,0.085349,-0.503523,-0.047446,0.022818,-0.603329,-0.147623,-0.026144,-0.439162,-0.143752,0.000262,-0.345305,-0.114185,0.189931,-0.432447,-0.069199,0.118029,-0.523415,-0.133979,0.069309,-0.392752,-0.119027,0.086534,-0.30363,-0.092307
NO,0.0,0.0,0.0,-0.111939,-0.058735,-0.077803,-0.208766,-0.232457,-0.121237,-0.171499,-0.386804,-0.159178,-0.076993,-0.47982,-0.191208,-0.176837,-0.483691,-0.070625,-0.263817,-0.673247,-0.145459,-0.325101,-0.792439,-0.189654,-0.364723,-0.904372,-0.221559,-0.07191,-0.502345,-0.066852,-0.140133,-0.601799,-0.156881,-0.137048,-0.430963,-0.174707,-0.102119,-0.340169,-0.169806,0.029132,-0.482661,-0.073741,-0.034585,-0.487964,-0.172108,-0.05882,-0.302596,-0.156566,-0.026257,-0.240435,-0.124752,0.126284,-0.433816,-0.087025,0.056097,-0.435042,-0.154995,0.029194,-0.293945,-0.141948,0.0587,-0.243579,-0.119095
NO,0.0,0.0,0.0,-0.099155,-0.082076,-0.070062,-0.171766,-0.279329,-0.110138,-0.114256,-0.439967,-0.145923,0.000474,-0.496771,-0.1778,-0.117709,-0.4746,-0.04854,-0.117803,-0.699908,-0.103048,-0.110178,-0.860305,-0.13074,-0.093992,-0.983774,-0.152819,-0.016997,-0.465018,-0.046173,-0.031018,-0.628813,-0.129837,-0.068846,-0.51893,-0.142537,-0.078968,-0.431091,-0.129132,0.073998,-0.41773,-0.054521,0.060721,-0.515663,-0.152521,0.011822,-0.360969,-0.138437,0.011301,-0.266759,-0.102093,0.163962,-0.342242,-0.067578,0.145785,-0.422426,-0.139733,0.091964,-0.315206,-0.133282,0.083197,-0.245047,-0.112335
NO,0.0,0.0,0.0,-0.082791,-0.12135,-0.075763,-0.128594,-0.313257,-0.119496,-0.051509,-0.448541,-0.162211,0.052184,-0.503137,-0.198249,-0.082231,-0.553765,-0.041335,-0.047982,-0.784036,-0.103022,-0.014554,-0.894434,-0.128886,0.023592,-0.989008,-0.145968,0.020077,-0.50543,-0.040254,0.020095,-0.633528,-0.13594,-0.025071,-0.454929,-0.144513,-0.03157,-0.363766,-0.123585,0.112106,-0.433017,-0.052832,0.103759,-0.51871,-0.158658,0.036546,-0.34565,-0.136053,0.02853,-0.274014,-0.090698,0.190146,-0.344446,-0.07137,0.16471,-0.421644,-0.142241,0.110693,-0.305855,-0.129092,0.106125,-0.250204,-0.101355
NO,0.0,0.0,0.0,-0.108893,-0.107821,-0.078251,-0.186553,-0.331141,-0.126349,-0.135125,-0.515743,-0.172294,-0.016121,-0.582072,-0.212528,-0.118064,-0.549814,-0.047031,-0.191027,-0.736535,-0.133843,-0.259894,-0.837475,-0.190227,-0.302775,-0.926444,-0.223672,-0.004913,-0.557102,-0.041748,-0.078479,-0.708563,-0.130326,-0.111181,-0.574197,-0.151766,-0.09838,-0.483448,-0.147963,0.102276,-0.517262,-0.049845,0.02232,-0.580071,-0.147146,-0.032766,-0.425934,-0.136904,-0.022774,-0.335927,-0.105456,0.201388,-0.444644,-0.06505,0.119086,-0.496073,-0.126816,0.059293,-0.375402,-0.11397,0.057156,-0.290484,-0.089527
NO,0.0,0.0,0.0,-0.111761,-0.076204,-0.069227,-0.213101,-0.248847,-0.111682,-0.183761,-0.410328,-0.151838,-0.0854,-0.498244,-0.186113,-0.185723,-0.482284,-0.05624,-0.276325,-0.672603,-0.131616,-0.33854,-0.789676,-0.176743,-0.380511,-0.900694,-0.20967,-0.081833,-0.498877,-0.059693,-0.15736,-0.614726,-0.151379,-0.148277,-0.43728,-0.167637,-0.105512,-0.345269,-0.160979,0.020239,-0.476088,-0.07456,-0.049601,-0.497251,-0.173382,-0.067591,-0.309714,-0.153987,-0.028393,-0.248698,-0.119137,0.119215,-0.424517,-0.095749,0.046456,-0.449558,-0.161547,0.017037,-0.307186,-0.144383,0.04509,-0.252609,-0.119333
NO,0.0,0.0,0.0,-0.130479,-0.17727,-0.083534,-0.247014,-0.459479,-0.140352,-0.177686,-0.688643,-0.200303,-0.013062,-0.750485,-0.240943,-0.135142,-0.756322,-0.01947,-0.168511,-0.974275,-0.149642,-0.207793,-0.782284,-0.215524,-0.189612,-0.638866,-0.241366,0.005845,-0.725965,-0.025331,-0.036971,-0.944583,-0.152847,-0.104428,-0.719281,-0.171138,-0.092483,-0.606239,-0.151566,0.136912,-0.649162,-0.056139,0.09516,-0.782775,-0.194684,0.019703,-0.551181,-0.169619,0.039153,-0.442661,-0.11442,0.261638,-0.529662,-0.094216,0.199781,-0.635611,-0.174321,0.128001,-0.483864,-0.154242,0.13626,-0.397837,-0.117017
NO,0.0,0.0,0.0,-0.087184,-0.122528,-0.078636,-0.12208,-0.310474,-0.118269,-0.037963,-0.439932,-0.153332,0.065405,-0.496945,-0.181915,-0.080508,-0.556854,-0.046872,-0.030294,-0.777917,-0.102445,0.012276,-0.888781,-0.131562,0.054033,-0.986592,-0.154003,0.018639,-0.509634,-0.043578,0.040452,-0.641571,-0.131123,-0.000101,-0.481576,-0.144038,-0.020021,-0.390665,-0.129096,0.106425,-0.430899,-0.052385,0.119026,-0.507021,-0.150631,0.053628,-0.341902,-0.130053,0.033436,-0.272186,-0.088489,0.179886,-0.332092,-0.067454,0.179391,-0.404584,-0.137877,0.124797,-0.294191,-0.124274,0.108959,-0.242984,-0.097016
NO,0.0,0.0,0.0,-0.101259,-0.117586,-0.071747,-0.17536,-0.341918,-0.114367,-0.098459,-0.51563,-0.155579,0.033071,-0.557884,-0.193974,-0.120382,-0.540269,-0.037569,-0.168182,-0.719517,-0.110624,-0.208874,-0.844848,-0.155591,-0.226826,-0.955919,-0.186465,-0.005538,-0.537076,-0.040445,-0.037506,-0.713233,-0.134455,-0.071859,-0.573534,-0.155998,-0.064259,-0.461661,-0.147562,0.099396,-0.488067,-0.055684,0.067101,-0.567114,-0.1647,0.004662,-0.410781,-0.156478,0.008758,-0.318392,-0.121632,0.198802,-0.40326,-0.076139,0.160741,-0.46982,-0.146445,0.094785,-0.35182,-0.133523,0.085382,-0.272101,-0.108177
NO,0.0,0.0,0.0,-0.107559,-0.098801,-0.059239,-0.199194,-0.277724,-0.098676,-0.159956,-0.432577,-0.137895,-0.05696,-0.510361,-0.171822,-0.157686,-0.495596,-0.052464,-0.243111,-0.690692,-0.121449,-0.302786,-0.807843,-0.163614,-0.339265,-0.920174,-0.195396,-0.053575,-0.499527,-0.060769,-0.125932,-0.622429,-0.143897,-0.126623,-0.460053,-0.159653,-0.085635,-0.370755,-0.156903,0.048432,-0.464374,-0.078395,-0.018447,-0.498699,-0.165915,-0.046164,-0.32646,-0.143346,-0.011827,-0.263052,-0.111063,0.144315,-0.400232,-0.101942,0.078278,-0.444433,-0.157645,0.042945,-0.315119,-0.134022,0.066641,-0.254785,-0.106956
NO,0.0,0.0,0.0,-0.094578,-0.087386,-0.059293,-0.170109,-0.275724,-0.099361,-0.120098,-0.427049,-0.140496,-0.015604,-0.482773,-0.177648,-0.120047,-0.510244,-0.038508,-0.163936,-0.717585,-0.105782,-0.192898,-0.849444,-0.140824,-0.20067,-0.965502,-0.165947,-0.020509,-0.507361,-0.043761,-0.081314,-0.634523,-0.132995,-0.1135,-0.470966,-0.145256,-0.093212,-0.378766,-0.132199,0.074049,-0.466319,-0.060091,0.015565,-0.523782,-0.158746,-0.029241,-0.354821,-0.141627,-0.004225,-0.277388,-0.105213,0.166748,-0.397168,-0.080854,0.107706,-0.451446,-0.14683,0.060139,-0.325053,-0.132963,0.074406,-0.253391,-0.107341
NO,0.0,0.0,0.0,-0.090567,-0.120096,-0.071104,-0.140683,-0.301662,-0.107228,-0.069826,-0.43495,-0.142599,0.02665,-0.49909,-0.171402,-0.10289,-0.556079,-0.031687,-0.077581,-0.78312,-0.082994,-0.051914,-0.895697,-0.10724,-0.01928,-0.991979,-0.12492,0.00054,-0.519469,-0.031188,-0.005259,-0.638576,-0.116414,-0.043169,-0.485672,-0.13167,-0.05458,-0.393159,-0.119899,0.094691,-0.454359,-0.042731,0.088647,-0.519786,-0.139878,0.031602,-0.361787,-0.126508,0.020255,-0.288771,-0.090799,0.177243,-0.36884,-0.059825,0.160803,-0.434744,-0.125104,0.107483,-0.324042,-0.113993,0.095819,-0.264097,-0.089867
NO,0.0,0.0,0.0,-0.103114,-0.118629,-0.064893,-0.168843,-0.344442,-0.103946,-0.093291,-0.509726,-0.142671,0.029083,-0.564875,-0.177686,-0.118186,-0.539439,-0.038175,-0.183752,-0.723838,-0.114542,-0.241399,-0.839153,-0.165068,-0.279567,-0.93952,-0.197851,-0.011851,-0.536362,-0.041467,-0.065413,-0.693905,-0.129258,-0.094808,-0.555956,-0.150645,-0.084526,-0.455173,-0.147174,0.093358,-0.49224,-0.056119,0.048643,-0.57646,-0.153474,-0.007483,-0.427244,-0.138655,-0.002791,-0.338491,-0.104746,0.19251,-0.415802,-0.076575,0.15273,-0.500006,-0.139901,0.089197,-0.383531,-0.121209,0.080835,-0.299279,-0.093609
NO,0.0,0.0,0.0,-0.111779,-0.098062,-0.059541,-0.206815,-0.269823,-0.099607,-0.167089,-0.424349,-0.140854,-0.063709,-0.49722,-0.178104,-0.171558,-0.493351,-0.043012,-0.254603,-0.693415,-0.113132,-0.305357,-0.811177,-0.156604,-0.339063,-0.921626,-0.188791,-0.066734,-0.496476,-0.05155,-0.129088,-0.618108,-0.145559,-0.119943,-0.438051,-0.164982,-0.080933,-0.333822,-0.159108,0.03353,-0.463718,-0.070651,-0.021314,-0.510913,-0.169569,-0.045415,-0.333915,-0.149748,-0.019657,-0.258483,-0.113109,0.128542,-0.403582,-0.095243,0.073823,-0.453616,-0.158908,0.038911,-0.321965,-0.139387,0.053838,-0.256689,-0.111747
NO,0.0,0.0,0.0,-0.092944,-0.102293,-0.069535,-0.153781,-0.280667,-0.111509,-0.094276,-0.411385,-0.151764,0.003649,-0.463688,-0.185802,-0.113005,-0.51869,-0.051474,-0.121698,-0.749264,-0.115168,-0.115851,-0.872247,-0.14799,-0.100776,-0.980093,-0.171064,-0.012851,-0.494787,-0.051562,-0.041758,-0.606323,-0.14565,-0.074638,-0.447654,-0.162562,-0.076162,-0.356088,-0.151613,0.079466,-0.442312,-0.062708,0.055134,-0.494277,-0.162193,0.003135,-0.335632,-0.146023,0.003607,-0.263229,-0.109205,0.163475,-0.364385,-0.079358,0.135758,-0.416754,-0.144174,0.082347,-0.302764,-0.131369,0.078605,-0.24321,-0.106465
NO,0.0,0.0,0.0,-0.094988,-0.104558,-0.074715,-0.157632,-0.28534,-0.116342,-0.091066,-0.426873,-0.156323,0.012118,-0.489799,-0.190186,-0.12429,-0.533149,-0.041111,-0.11301,-0.771393,-0.097952,-0.092975,-0.888348,-0.126285,-0.069032,-0.986762,-0.146751,-0.020313,-0.499598,-0.039612,-0.028086,-0.620249,-0.132726,-0.051249,-0.446183,-0.149682,-0.057151,-0.342632,-0.137223,0.074189,-0.4399,-0.05024,0.069309,-0.515161,-0.153549,0.017581,-0.342452,-0.13791,0.004248,-0.259545,-0.098796,0.156955,-0.35936,-0.066514,0.142563,-0.429332,-0.138083,0.091476,-0.310144,-0.127478,0.075801,-0.246823,-0.102184
NO,0.0,0.0,0.0,-0.11877,-0.098908,-0.084563,-0.197546,-0.320751,-0.136081,-0.145136,-0.492095,-0.183477,-0.045026,-0.581311,-0.221373,-0.125269,-0.559725,-0.075,-0.192377,-0.755597,-0.168944,-0.261615,-0.833083,-0.219538,-0.300386,-0.920674,-0.249255,-0.007745,-0.568145,-0.06874,-0.079498,-0.688356,-0.165544,-0.106674,-0.503691,-0.174609,-0.07394,-0.418892,-0.164253,0.104184,-0.532984,-0.076741,0.02747,-0.577658,-0.178878,-0.02322,-0.397732,-0.151868,0.007223,-0.33333,-0.11325,0.209791,-0.464271,-0.092592,0.12959,-0.50492,-0.154606,0.074859,-0.367625,-0.133206,0.093078,-0.302087,-0.105715
NO,0.0,0.0,0.0,-0.115442,-0.084648,-0.065086,-0.218206,-0.25528,-0.10835,-0.192875,-0.417304,-0.150287,-0.095233,-0.497734,-0.187722,-0.186441,-0.488024,-0.051229,-0.270421,-0.677957,-0.126811,-0.327653,-0.796707,-0.174133,-0.368073,-0.90623,-0.208014,-0.083876,-0.503567,-0.054745,-0.149169,-0.63065,-0.147743,-0.144256,-0.459107,-0.166855,-0.110014,-0.359523,-0.15959,0.017138,-0.48252,-0.069013,-0.041793,-0.514824,-0.164899,-0.064718,-0.332389,-0.145705,-0.036015,-0.260708,-0.109051,0.115173,-0.431925,-0.089381,0.048308,-0.458681,-0.15234,0.021394,-0.322534,-0.136216,0.048417,-0.266831,-0.110443
NO,0.0,0.0,0.0,-0.101262,-0.092622,-0.063364,-0.179612,-0.259977,-0.105607,-0.140504,-0.403516,-0.148608,-0.050223,-0.472257,-0.184826,-0.143839,-0.514585,-0.047076,-0.156308,-0.753869,-0.109266,-0.15245,-0.874799,-0.136525,-0.139509,-0.977963,-0.155324,-0.040602,-0.505014,-0.050449,-0.078928,-0.601788,-0.139968,-0.102496,-0.436909,-0.148981,-0.093236,-0.356954,-0.133905,0.056362,-0.46231,-0.065258,0.016523,-0.500372,-0.162543,-0.02083,-0.328436,-0.142278,-0.006857,-0.261732,-0.104308,0.14553,-0.394847,-0.085265,0.096638,-0.426805,-0.148068,0.059177,-0.303842,-0.135481,0.072314,-0.250203,-0.111828
NO,0.0,0.0,0.0,-0.103889,-0.077271,-0.074205,-0.18397,-0.252107,-0.116729,-0.139945,-0.40391,-0.157007,-0.043425,-0.478459,-0.191495,-0.152577,-0.49419,-0.051173,-0.169712,-0.723702,-0.111803,-0.162974,-0.856467,-0.14144,-0.147772,-0.975358,-0.163832,-0.047759,-0.494473,-0.048512,-0.07952,-0.602523,-0.142773,-0.093962,-0.447419,-0.160013,-0.088851,-0.364293,-0.148326,0.050119,-0.461686,-0.057482,0.017458,-0.500302,-0.161201,-0.018992,-0.323012,-0.152018,-0.010975,-0.249102,-0.118554,0.141816,-0.403481,-0.07203,0.096871,-0.426469,-0.143042,0.057229,-0.298916,-0.140638,0.064593,-0.24379,-0.122823
NO,0.0,0.0,0.0,-0.113072,-0.069036,-0.060153,-0.217245,-0.236565,-0.097816,-0.192005,-0.392902,-0.134303,-0.0997,-0.482339,-0.166079,-0.191699,-0.479732,-0.05481,-0.284173,-0.671496,-0.129083,-0.346263,-0.789011,-0.174139,-0.387458,-0.898331,-0.207069,-0.087646,-0.499004,-0.06087,-0.163581,-0.616371,-0.145849,-0.157957,-0.442369,-0.159225,-0.116671,-0.35289,-0.152849,0.015027,-0.477925,-0.077135,-0.05063,-0.498482,-0.169919,-0.070605,-0.309448,-0.147514,-0.034897,-0.244127,-0.112853,0.114011,-0.426733,-0.099012,0.045396,-0.448526,-0.162757,0.016724,-0.305828,-0.143625,0.043768,-0.248912,-0.1176
NO,0.0,0.0,0.0,-0.115922,-0.069954,-0.057309,-0.214765,-0.276267,-0.096273,-0.17219,-0.455165,-0.13564,-0.071861,-0.534323,-0.172352,-0.162657,-0.508011,-0.043975,-0.216304,-0.699723,-0.1097,-0.257086,-0.823713,-0.147982,-0.281916,-0.942689,-0.178495,-0.051448,-0.520984,-0.050271,-0.120578,-0.646104,-0.136718,-0.132438,-0.458745,-0.150877,-0.10103,-0.352276,-0.14165,0.053341,-0.493682,-0.066279,-0.01521,-0.546783,-0.160428,-0.04749,-0.356594,-0.144461,-0.018082,-0.271717,-0.112941,0.155245,-0.436434,-0.086583,0.078479,-0.478149,-0.154956,0.044053,-0.331933,-0.144871,0.070498,-0.255699,-0.123956
NO,0.0,0.0,0.0,-0.092727,-0.092951,-0.064122,-0.163412,-0.277778,-0.101045,-0.111288,-0.421521,-0.137914,-0.012551,-0.480664,-0.169274,-0.120531,-0.520087,-0.039853,-0.130195,-0.739612,-0.096718,-0.123105,-0.864482,-0.125844,-0.1071,-0.983032,-0.148925,-0.01873,-0.501911,-0.041545,-0.04868,-0.603997,-0.129468,-0.069438,-0.431584,-0.144097,-0.064878,-0.337512,-0.133622,0.076427,-0.454563,-0.054427,0.047162,-0.502048,-0.150814,0.005716,-0.333504,-0.137252,0.009265,-0.260627,-0.104096,0.164318,-0.386045,-0.072375,0.132299,-0.434153,-0.137091,0.082482,-0.310957,-0.127835,0.078949,-0.248087,-0.106805
NO,0.0,0.0,0.0,-0.107184,-0.086338,-0.059245,-0.195108,-0.260286,-0.097378,-0.14818,-0.410255,-0.135247,-0.04832,-0.485183,-0.168905,-0.160315,-0.492074,-0.050932,-0.233267,-0.690158,-0.118571,-0.277851,-0.811096,-0.16258,-0.306805,-0.93121,-0.196772,-0.055497,-0.494935,-0.05667,-0.112328,-0.599425,-0.140238,-0.108198,-0.425767,-0.156932,-0.077843,-0.332539,-0.154939,0.044518,-0.462846,-0.071852,-0.001614,-0.503353,-0.161416,-0.033181,-0.329684,-0.139037,-0.017206,-0.256875,-0.10583,0.138969,-0.403907,-0.092831,0.095245,-0.449101,-0.153456,0.05229,-0.319011,-0.133395,0.058646,-0.254667,-0.107428
NO,0.0,0.0,0.0,-0.116928,-0.081688,-0.059084,-0.211548,-0.298322,-0.095414,-0.154528,-0.489369,-0.132426,-0.036306,-0.576153,-0.16858,-0.163708,-0.494585,-0.032832,-0.213464,-0.697318,-0.095898,-0.254557,-0.826907,-0.131066,-0.281154,-0.946535,-0.158187,-0.04908,-0.509852,-0.039055,-0.094092,-0.698191,-0.129287,-0.106756,-0.531608,-0.145967,-0.084752,-0.410346,-0.134431,0.058063,-0.48553,-0.055978,0.012851,-0.588905,-0.165046,-0.028465,-0.388322,-0.155169,-0.008329,-0.278541,-0.119861,0.168632,-0.428735,-0.075912,0.11467,-0.519011,-0.155525,0.069655,-0.367423,-0.148578,0.084239,-0.275627,-0.12699
NO,0.0,0.0,0.0,-0.099778,-0.081214,-0.062323,-0.172048,-0.26622,-0.098826,-0.113964,-0.41013,-0.134738,-0.013538,-0.476277,-0.167199,-0.132599,-0.494059,-0.047466,-0.130742,-0.731446,-0.107369,-0.121164,-0.86836,-0.135596,-0.099363,-0.982733,-0.156087,-0.031887,-0.478541,-0.049283,-0.058214,-0.632865,-0.140328,-0.09936,-0.487414,-0.152187,-0.100366,-0.385313,-0.135703,0.061708,-0.434019,-0.061605,0.03073,-0.514765,-0.162088,-0.021172,-0.347999,-0.147651,-0.015267,-0.257991,-0.109818,0.153375,-0.363795,-0.077904,0.112196,-0.443758,-0.148689,0.061703,-0.322316,-0.140808,0.065869,-0.249609,-0.117994
NO,0.0,0.0,0.0,-0.106343,-0.07516,-0.061254,-0.187449,-0.276228,-0.095407,-0.132004,-0.452064,-0.127521,-0.026937,-0.537739,-0.156929,-0.155337,-0.486528,-0.032878,-0.185126,-0.695531,-0.088836,-0.196586,-0.84453,-0.117974,-0.199133,-0.969522,-0.142731,-0.043357,-0.496569,-0.035366,-0.075722,-0.671241,-0.123815,-0.089841,-0.51133,-0.138276,-0.074217,-0.404614,-0.123885,0.056403,-0.463187,-0.048499,0.026006,-0.556613,-0.148711,-0.012114,-0.367533,-0.134129,0.004507,-0.27641,-0.09757,0.15614,-0.399534,-0.065652,0.108764,-0.460449,-0.140307,0.06672,-0.325227,-0.136169,0.080236,-0.262206,-0.117354
NO,0.0,0.0,0.0,-0.118669,-0.083759,-0.063497,-0.211253,-0.288086,-0.103974,-0.16038,-0.457477,-0.143412,-0.049786,-0.527699,-0.179845,-0.162954,-0.479741,-0.04686,-0.239049,-0.674403,-0.119955,-0.300706,-0.801277,-0.167855,-0.342719,-0.91731,-0.202698,-0.057403,-0.487001,-0.050779,-0.11567,-0.642869,-0.143013,-0.119058,-0.466844,-0.162713,-0.086687,-0.350756,-0.156369,0.044345,-0.459498,-0.064887,-0.008113,-0.541845,-0.167363,-0.046651,-0.349527,-0.15145,-0.02278,-0.251328,-0.116058,0.144262,-0.403051,-0.083786,0.084118,-0.479864,-0.158533,0.041554,-0.333717,-0.144975,0.0608,-0.247355,-0.119762
NO,0.0,0.0,0.0,-0.113257,-0.098915,-0.063126,-0.19946,-0.285423,-0.104979,-0.161546,-0.4523,-0.145874,-0.053431,-0.531661,-0.183202,-0.160568,-0.481355,-0.047185,-0.239366,-0.681696,-0.119557,-0.297645,-0.806589,-0.164514,-0.335939,-0.921055,-0.196986,-0.056741,-0.489118,-0.051869,-0.116082,-0.645548,-0.14272,-0.11484,-0.468671,-0.160039,-0.078078,-0.359113,-0.15156,0.044153,-0.460202,-0.067032,-0.012789,-0.529263,-0.166055,-0.039961,-0.339168,-0.149662,-0.005318,-0.2595,-0.114334,0.143719,-0.40411,-0.086807,0.078888,-0.478264,-0.155042,0.047514,-0.336121,-0.1385,0.077954,-0.264343,-0.111921
NO,0.0,0.0,0.0,-0.090916,-0.087176,-0.071495,-0.161412,-0.278259,-0.112632,-0.112984,-0.41984,-0.153938,-0.019487,-0.487122,-0.189749,-0.102545,-0.517833,-0.049612,-0.102326,-0.746611,-0.111557,-0.09568,-0.869069,-0.135059,-0.07052,-0.985878,-0.151893,0.004332,-0.493722,-0.048411,-0.04596,-0.620079,-0.138448,-0.086668,-0.454355,-0.143948,-0.073934,-0.36919,-0.12576,0.101965,-0.441038,-0.060449,0.047694,-0.510842,-0.164596,-0.003907,-0.331572,-0.150542,0.015161,-0.25234,-0.115024,0.192963,-0.370968,-0.077305,0.134962,-0.443473,-0.150039,0.085775,-0.317081,-0.145727,0.102762,-0.248145,-0.127041
NO,0.0,0.0,0.0,-0.103938,-0.079097,-0.054727,-0.183558,-0.26367,-0.092587,-0.142048,-0.418354,-0.132271,-0.04716,-0.484797,-0.169956,-0.133844,-0.472754,-0.03976,-0.148938,-0.702409,-0.099686,-0.152707,-0.850849,-0.128341,-0.147997,-0.977463,-0.150545,-0.030527,-0.4662,-0.045307,-0.074904,-0.626985,-0.131921,-0.101768,-0.459768,-0.139884,-0.085402,-0.352277,-0.121797,0.064885,-0.429568,-0.061207,0.019975,-0.523599,-0.155209,-0.022936,-0.344537,-0.13784,-0.006678,-0.251882,-0.100915,0.158517,-0.372054,-0.080958,0.105045,-0.448951,-0.147557,0.062816,-0.321867,-0.140113,0.079315,-0.249461,-0.119511
NO,0.0,0.0,0.0,-0.109998,-0.099376,-0.069914,-0.198087,-0.289066,-0.114914,-0.156167,-0.458217,-0.159081,-0.043047,-0.53613,-0.200197,-0.152409,-0.496339,-0.045575,-0.216413,-0.689755,-0.116911,-0.264517,-0.815769,-0.160969,-0.294455,-0.936008,-0.192834,-0.048488,-0.50399,-0.049402,-0.097251,-0.663426,-0.144595,-0.106477,-0.49188,-0.165466,-0.080071,-0.376971,-0.156869,0.052942,-0.474573,-0.06452,0.005901,-0.550774,-0.17075,-0.031769,-0.362611,-0.159544,-0.007214,-0.27375,-0.124259,0.154613,-0.418404,-0.084467,0.098609,-0.492048,-0.155833,0.059509,-0.349484,-0.14194,0.081517,-0.272032,-0.115908
NO,0.0,0.0,0.0,-0.116214,-0.083118,-0.05858,-0.209969,-0.288019,-0.095507,-0.163341,-0.462491,-0.132314,-0.056596,-0.536687,-0.167085,-0.156718,-0.497815,-0.040129,-0.22084,-0.687325,-0.108414,-0.269595,-0.81494,-0.152492,-0.303055,-0.934495,-0.186752,-0.047749,-0.502947,-0.046467,-0.105477,-0.648671,-0.138345,-0.115929,-0.4641,-0.157656,-0.087714,-0.348095,-0.150058,0.056451,-0.47144,-0.062837,0.000829,-0.543902,-0.162525,-0.03688,-0.35166,-0.145858,-0.012767,-0.25877,-0.110241,0.157541,-0.411701,-0.083683,0.094831,-0.48572,-0.153788,0.053294,-0.343677,-0.13973,0.075734,-0.265931,-0.114736
NO,0.0,0.0,0.0,-0.097641,-0.087298,-0.06771,-0.17009,-0.280028,-0.104344,-0.121163,-0.431718,-0.140017,-0.023863,-0.496405,-0.171622,-0.121152,-0.51932,-0.048057,-0.107823,-0.746926,-0.106283,-0.086811,-0.872014,-0.136621,-0.057409,-0.985337,-0.160669,-0.014663,-0.495219,-0.048994,-0.038149,-0.628071,-0.139629,-0.066765,-0.468736,-0.155267,-0.069584,-0.369797,-0.143979,0.081975,-0.441992,-0.060862,0.057579,-0.523693,-0.16196,0.008239,-0.347371,-0.148593,0.003342,-0.258873,-0.112902,0.1722,-0.365593,-0.077539,0.13722,-0.446569,-0.151817,0.088286,-0.324859,-0.14628,0.085607,-0.256846,-0.12534
NO,0.0,0.0,0.0,-0.100843,-0.095791,-0.064389,-0.174162,-0.277612,-0.104176,-0.129457,-0.424598,-0.144819,-0.035162,-0.493945,-0.181212,-0.12469,-0.521225,-0.045887,-0.111411,-0.748672,-0.10998,-0.090378,-0.872565,-0.142819,-0.060186,-0.984097,-0.167125,-0.020678,-0.49565,-0.050516,-0.045887,-0.62886,-0.143453,-0.078586,-0.462333,-0.156583,-0.077199,-0.369232,-0.142823,0.075969,-0.441349,-0.066743,0.050482,-0.526233,-0.168451,0.000761,-0.345787,-0.148949,0.00339,-0.262007,-0.109105,0.165908,-0.364331,-0.087905,0.129743,-0.449481,-0.158623,0.08041,-0.325472,-0.146559,0.083188,-0.259696,-0.12132
NO,0.0,0.0,0.0,-0.109622,-0.079598,-0.061547,-0.205785,-0.264205,-0.10576,-0.173587,-0.427084,-0.150149,-0.069502,-0.502629,-0.191432,-0.160484,-0.466837,-0.05493,-0.240297,-0.668594,-0.129405,-0.299831,-0.799382,-0.176564,-0.340418,-0.916255,-0.21117,-0.05677,-0.475856,-0.059651,-0.125716,-0.615615,-0.15095,-0.125383,-0.435873,-0.168374,-0.088946,-0.323514,-0.162195,0.044573,-0.451297,-0.074009,-0.017734,-0.518488,-0.170002,-0.045683,-0.330709,-0.150717,-0.013875,-0.243181,-0.116222,0.144421,-0.401127,-0.093374,0.079366,-0.470384,-0.159632,0.047435,-0.329799,-0.142734,0.076692,-0.254362,-0.117316
NO,0.0,0.0,0.0,-0.118264,-0.082408,-0.060072,-0.222326,-0.28118,-0.096832,-0.184108,-0.45951,-0.134195,-0.079694,-0.541992,-0.169473,-0.167451,-0.497023,-0.036068,-0.237821,-0.68614,-0.10458,-0.29087,-0.810199,-0.148079,-0.325584,-0.927972,-0.18128,-0.060364,-0.507456,-0.04435,-0.123513,-0.666558,-0.139901,-0.134725,-0.498824,-0.163559,-0.104717,-0.386577,-0.157686,0.044029,-0.480376,-0.063065,-0.016242,-0.557257,-0.171354,-0.049614,-0.364508,-0.159995,-0.019252,-0.267695,-0.124736,0.148061,-0.423442,-0.08586,0.08253,-0.502476,-0.160751,0.039152,-0.357263,-0.147288,0.060613,-0.273462,-0.121226
NO,0.0,0.0,0.0,-0.110107,-0.091581,-0.057039,-0.204106,-0.295147,-0.095371,-0.154138,-0.470276,-0.13508,-0.042484,-0.54452,-0.172999,-0.151287,-0.506417,-0.037031,-0.195846,-0.711089,-0.099238,-0.222147,-0.840228,-0.131906,-0.228021,-0.960724,-0.158162,-0.039272,-0.511139,-0.045594,-0.088731,-0.682067,-0.135606,-0.110958,-0.51858,-0.149849,-0.088847,-0.410027,-0.137235,0.065231,-0.477328,-0.064632,0.016382,-0.569722,-0.170923,-0.024981,-0.379592,-0.159604,0.002904,-0.286643,-0.12511,0.168878,-0.412476,-0.086605,0.112206,-0.497178,-0.161496,0.066958,-0.356001,-0.153303,0.087864,-0.278149,-0.131986
NO,0.0,0.0,0.0,-0.097249,-0.103752,-0.064657,-0.168964,-0.268734,-0.107874,-0.118086,-0.409362,-0.151285,-0.021854,-0.478034,-0.189874,-0.129707,-0.516807,-0.043717,-0.134963,-0.741085,-0.103623,-0.124369,-0.870703,-0.133861,-0.104241,-0.982273,-0.155801,-0.029839,-0.499312,-0.048779,-0.048064,-0.62559,-0.1381,-0.07304,-0.460769,-0.15072,-0.069798,-0.362774,-0.135651,0.063629,-0.449518,-0.064874,0.042013,-0.513303,-0.162768,-0.003068,-0.339427,-0.144093,-0.000893,-0.25718,-0.104193,0.150853,-0.373686,-0.085871,0.118502,-0.44268,-0.149552,0.07325,-0.320483,-0.133706,0.074585,-0.255706,-0.105998
WHERE,0.0,0.0,0.0,-0.037284,-0.302343,-0.026019,0.021635,-0.569392,-0.057946,0.108528,-0.773308,-0.090209,0.166811,-0.896657,-0.119421,0.287377,-0.546299,-0.091672,0.503998,-0.735795,-0.132675,0.54239,-0.820469,-0.139061,0.525998,-0.840059,-0.132766,0.395784,-0.372747,-0.096523,0.622361,-0.5808,-0.111334,0.613561,-0.680674,-0.090621,0.554521,-0.687768,-0.073691,0.455711,-0.199862,-0.10137,0.664844,-0.374727,-0.111883,0.644211,-0.484273,-0.08456,0.580633,-0.501627,-0.063682,0.479861,-0.044515,-0.108311,0.632327,-0.155844,-0.105334,0.621221,-0.240158,-0.077505,0.567094,-0.253802,-0.053002
WHERE,0.0,0.0,0.0,-0.060346,-0.21494,-0.041945,-0.02387,-0.409661,-0.06616,0.038491,-0.57644,-0.083428,0.052154,-0.706264,-0.096875,0.19281,-0.464089,-0.05635,0.336243,-0.663621,-0.083435,0.422817,-0.78417,-0.093725,0.478105,-0.873062,-0.095802,0.269764,-0.362327,-0.042777,0.411382,-0.537092,-0.060158,0.45678,-0.623595,-0.052164,0.460705,-0.672428,-0.038173,0.310424,-0.256314,-0.032717,0.443711,-0.410951,-0.046836,0.484578,-0.502095,-0.034836,0.487574,-0.563079,-0.017466,0.328532,-0.156437,-0.026508,0.434659,-0.269276,-0.027843,0.460426,-0.339753,-0.012987,0.455496,-0.390767,0.005247
WHERE,0.0,0.0,0.0,-0.066567,-0.234454,-0.047885,-0.042194,-0.449171,-0.076481,0.024215,-0.641517,-0.099952,0.045902,-0.791875,-0.118777,0.207206,-0.525424,-0.049949,0.347659,-0.721533,-0.074694,0.426859,-0.813943,-0.082841,0.4808,-0.872848,-0.083474,0.298399,-0.425493,-0.03571,0.4456,-0.634134,-0.051726,0.514447,-0.740922,-0.046584,0.550991,-0.807455,-0.037009,0.352739,-0.304917,-0.026771,0.493507,-0.48543,-0.044772,0.549878,-0.586814,-0.041229,0.571216,-0.660769,-0.02936,0.382609,-0.176621,-0.022008,0.504352,-0.291361,-0.025104,0.542103,-0.371164,-0.016193,0.549954,-0.438054,-0.002375
WHERE,0.0,0.0,0.0,-0.068653,-0.236798,-0.037177,-0.04217,-0.455428,-0.066625,0.028685,-0.661588,-0.092711,0.045355,-0.818452,-0.114035,0.2128,-0.535711,-0.056936,0.361243,-0.746473,-0.082433,0.433326,-0.82842,-0.083051,0.475065,-0.876694,-0.075633,0.311301,-0.426325,-0.047143,0.473027,-0.658021,-0.06653,0.533022,-0.762845,-0.053509,0.556068,-0.821539,-0.034609,0.370953,-0.293435,-0.040943,0.529209,-0.49068,-0.063687,0.579261,-0.598622,-0.053041,0.588354,-0.670059,-0.031962,0.403567,-0.152852,-0.036798,0.541305,-0.276494,-0.039012,0.573214,-0.35929,-0.02318,0.566423,-0.424249,-0.001972
WHERE,0.0,0.0,0.0,-0.060287,-0.20602,-0.048083,-0.033503,-0.405812,-0.082904,0.027361,-0.588632,-0.113812,0.046772,-0.726784,-0.140623,0.190899,-0.472006,-0.06507,0.322768,-0.692945,-0.105399,0.401473,-0.808179,-0.121399,0.450902,-0.88375,-0.125194,0.276955,-0.369931,-0.056819,0.422776,-0.577316,-0.088924,0.466467,-0.654095,-0.084589,0.464731,-0.684388,-0.069786,0.327892,-0.24886,-0.054272,0.476026,-0.415946,-0.087536,0.50666,-0.507016,-0.077702,0.494174,-0.559915,-0.055472,0.355835,-0.122872,-0.05572,0.48654,-0.226643,-0.073398,0.502336,-0.292496,-0.062249,0.479347,-0.334176,-0.041768
WHERE,0.0,0.0,0.0,-0.057278,-0.185454,-0.054712,-0.02829,-0.365803,-0.092528,0.022774,-0.523547,-0.123871,0.039368,-0.648406,-0.150718,0.171278,-0.408783,-0.090282,0.291648,-0.649613,-0.144289,0.359799,-0.797724,-0.16968,0.401231,-0.898541,-0.177873,0.253264,-0.308893,-0.077634,0.38011,-0.492541,-0.109881,0.403286,-0.576695,-0.098461,0.385485,-0.608812,-0.07965,0.296085,-0.20211,-0.070865,0.421823,-0.356478,-0.097678,0.43244,-0.44909,-0.070003,0.403142,-0.497085,-0.037689,0.316604,-0.100115,-0.070449,0.432208,-0.181565,-0.085208,0.443177,-0.250921,-0.065861,0.415601,-0.29554,-0.039509
WHERE,0.0,0.0,0.0,-0.001879,-0.297296,0.03392,0.022448,-0.498742,0.009038,0.016669,-0.644976,-0.019432,-0.009496,-0.766759,-0.051165,0.209564,-0.479819,-0.118038,0.344156,-0.709386,-0.191277,0.347225,-0.852154,-0.224334,0.322079,-0.91316,-0.238511,0.202807,-0.409877,-0.171291,0.349789,-0.611281,-0.254909,0.352992,-0.774859,-0.293351,0.319067,-0.858821,-0.314871,0.128314,-0.331486,-0.214333,0.129999,-0.590756,-0.307759,0.070733,-0.789213,-0.363851,0.010508,-0.918479,-0.395329,0.000826,-0.267821,-0.244057,-0.129039,-0.462139,-0.331841,-0.219459,-0.57774,-0.372712,-0.289173,-0.653192,-0.394651
WHERE,0.0,0.0,0.0,0.071895,-0.241304,-0.028459,0.128891,-0.536451,-0.064588,0.177288,-0.776857,-0.091323,0.210749,-0.91835,-0.122849,-0.029921,-0.519454,-0.120282,-0.1336,-0.651457,-0.168534,-0.170271,-0.685636,-0.197714,-0.168566,-0.686298,-0.211522,-0.143518,-0.439273,-0.124365,-0.35007,-0.662643,-0.1544,-0.45419,-0.777232,-0.173126,-0.511451,-0.837405,-0.192799,-0.241139,-0.369976,-0.122811,-0.430175,-0.565351,-0.150634,-0.50408,-0.666329,-0.152552,-0.530872,-0.72634,-0.157922,-0.315961,-0.304659,-0.119268,-0.446539,-0.451117,-0.12513,-0.489623,-0.521182,-0.101638,-0.501388,-0.571287,-0.086728
WHERE,0.0,0.0,0.0,0.0772,-0.196945,-0.010623,0.118957,-0.431053,-0.040678,0.135918,-0.619918,-0.062495,0.124236,-0.766708,-0.088871,0.156356,-0.414811,-0.170216,0.267052,-0.626082,-0.234832,0.319054,-0.768219,-0.266577,0.362265,-0.886256,-0.288642,0.079434,-0.399432,-0.191449,0.121808,-0.576529,-0.257756,0.102227,-0.701693,-0.28333,0.07751,-0.791306,-0.304301,-0.022608,-0.369422,-0.203157,-0.067251,-0.586563,-0.269995,-0.122484,-0.751868,-0.305369,-0.179122,-0.877115,-0.332419,-0.135194,-0.326773,-0.207807,-0.237579,-0.495223,-0.271628,-0.316839,-0.60275,-0.301574,-0.383659,-0.69359,-0.321161
WHERE,0.0,0.0,0.0,0.084299,-0.214494,0.000484,0.128299,-0.467528,-0.035494,0.149785,-0.65593,-0.068935,0.134798,-0.769781,-0.106917,0.110157,-0.515626,-0.136076,0.176646,-0.733056,-0.205464,0.242225,-0.844523,-0.243874,0.310129,-0.912866,-0.265511,0.022857,-0.499921,-0.158268,0.029809,-0.691081,-0.216251,0.081455,-0.751083,-0.2217,0.140364,-0.77613,-0.224075,-0.100113,-0.464648,-0.173284,-0.203732,-0.693166,-0.221028,-0.228031,-0.75453,-0.204191,-0.222597,-0.769815,-0.18987,-0.228868,-0.404305,-0.184008,-0.356398,-0.588949,-0.213597,-0.398284,-0.639805,-0.196501,-0.413182,-0.665173,-0.180133
WHERE,0.0,0.0,0.0,0.070487,-0.22159,0.015877,0.128425,-0.466695,-0.007215,0.189505,-0.66536,-0.037469,0.243693,-0.80117,-0.078858,0.094623,-0.556803,-0.09269,0.117303,-0.775881,-0.144937,0.163945,-0.877838,-0.173708,0.212776,-0.957972,-0.192397,0.011055,-0.533775,-0.122894,-0.142781,-0.692507,-0.170225,-0.233757,-0.718741,-0.189784,-0.295404,-0.729683,-0.206934,-0.087428,-0.478526,-0.145802,-0.269476,-0.611717,-0.188468,-0.369267,-0.649497,-0.196918,-0.4414,-0.664377,-0.205417,-0.181261,-0.40526,-0.163047,-0.323284,-0.529369,-0.184226,-0.398797,-0.566047,-0.178343,-0.456709,-0.603286,-0.174449
WHERE,0.0,0.0,0.0,0.097104,-0.183366,0.002248,0.161795,-0.403082,-0.016176,0.198842,-0.575351,-0.029722,0.23088,-0.70289,-0.049322,0.164248,-0.418342,-0.135169,0.266145,-0.637944,-0.193163,0.3232,-0.781892,-0.222586,0.376043,-0.893844,-0.244202,0.101115,-0.384681,-0.164885,0.124106,-0.608433,-0.246321,0.111654,-0.784417,-0.293704,0.096737,-0.921709,-0.326471,0.011548,-0.331412,-0.182368,-0.038989,-0.558296,-0.266873,-0.08595,-0.715916,-0.314469,-0.129789,-0.846998,-0.342375,-0.092954,-0.274058,-0.190833,-0.196814,-0.427494,-0.263033,-0.262423,-0.518759,-0.291958,-0.314949,-0.607495,-0.306929
WHERE,0.0,0.0,0.0,0.076315,-0.194913,-0.01463,0.104141,-0.426536,-0.051328,0.115147,-0.605188,-0.082499,0.108476,-0.730233,-0.121129,0.11458,-0.480108,-0.164917,0.188109,-0.663205,-0.231908,0.228261,-0.800351,-0.272718,0.260757,-0.916045,-0.304741,0.030298,-0.462798,-0.188559,0.085276,-0.566271,-0.258283,0.094765,-0.650014,-0.287912,0.097267,-0.717367,-0.315458,-0.079647,-0.40626,-0.20374,-0.141237,-0.550975,-0.27026,-0.206251,-0.663381,-0.287398,-0.265411,-0.751445,-0.303575,-0.202111,-0.321812,-0.214043,-0.32748,-0.451988,-0.276499,-0.408248,-0.53519,-0.294763,-0.478383,-0.617739,-0.306536
WHERE,0.0,0.0,0.0,0.084082,-0.207194,-0.003769,0.142026,-0.429139,-0.029487,0.182141,-0.601107,-0.049923,0.233741,-0.7212,-0.075323,0.167247,-0.437803,-0.147313,0.274001,-0.636336,-0.212221,0.333144,-0.772299,-0.24642,0.387039,-0.881218,-0.271395,0.112205,-0.39743,-0.177128,0.135167,-0.604521,-0.263743,0.118804,-0.783015,-0.31448,0.095095,-0.91461,-0.350694,0.028296,-0.334569,-0.195564,-0.026692,-0.54448,-0.287417,-0.077287,-0.70132,-0.341365,-0.132103,-0.825858,-0.373601,-0.077558,-0.272845,-0.20516,-0.189023,-0.415504,-0.282498,-0.261698,-0.506664,-0.317156,-0.325182,-0.593416,-0.337167
WHERE,0.0,0.0,0.0,0.075742,-0.20371,-0.016174,0.084078,-0.431559,-0.055145,0.037622,-0.595736,-0.087321,-0.030686,-0.694764,-0.125911,0.114422,-0.476537,-0.156274,0.198766,-0.672393,-0.220978,0.244332,-0.807328,-0.255833,0.283291,-0.917938,-0.277733,0.030913,-0.433304,-0.174963,0.018033,-0.613802,-0.237157,-0.02186,-0.739605,-0.263097,-0.056715,-0.836581,-0.282792,-0.084835,-0.37255,-0.184704,-0.196785,-0.561461,-0.2459,-0.274691,-0.687633,-0.265474,-0.339221,-0.779279,-0.276734,-0.207313,-0.296467,-0.189346,-0.330148,-0.452951,-0.237037,-0.395673,-0.541888,-0.245997,-0.443426,-0.616112,-0.248213
WHERE,0.0,0.0,0.0,0.103546,-0.198124,-0.003306,0.182839,-0.412851,-0.030417,0.232982,-0.576441,-0.052594,0.275537,-0.717305,-0.080507,0.218582,-0.411034,-0.166978,0.343239,-0.588677,-0.241432,0.419715,-0.71247,-0.283612,0.492151,-0.810964,-0.316424,0.160291,-0.361473,-0.206429,0.212494,-0.535794,-0.308983,0.220669,-0.710198,-0.371367,0.220519,-0.846923,-0.416571,0.070206,-0.301117,-0.233753,0.045052,-0.508383,-0.341284,0.018897,-0.678347,-0.407511,-0.012056,-0.813769,-0.449285,-0.042635,-0.24858,-0.251875,-0.146208,-0.401085,-0.347982,-0.21364,-0.516955,-0.395481,-0.268794,-0.619505,-0.425561
WHERE,0.0,0.0,0.0,0.083427,-0.276103,-0.028715,0.206628,-0.544712,-0.07669,0.302829,-0.745484,-0.120136,0.388414,-0.892427,-0.172881,0.250497,-0.477618,-0.220467,0.327181,-0.628589,-0.332471,0.354587,-0.739074,-0.406925,0.366271,-0.810348,-0.457364,0.171736,-0.40295,-0.261808,0.257328,-0.533315,-0.36652,0.274301,-0.669741,-0.423307,0.270346,-0.762973,-0.475753,0.052476,-0.329683,-0.297026,0.076086,-0.46144,-0.397777,0.050218,-0.572541,-0.442063,0.018861,-0.657441,-0.480041,-0.104887,-0.272968,-0.329056,-0.194054,-0.387145,-0.429039,-0.272934,-0.475424,-0.473681,-0.341492,-0.55252,-0.506127
WHERE,0.0,0.0,0.0,0.089367,-0.184618,-0.019001,0.144629,-0.437172,-0.059802,0.17132,-0.647717,-0.092967,0.164827,-0.793871,-0.135357,0.16662,-0.4298,-0.187659,0.249417,-0.625575,-0.264786,0.300352,-0.767679,-0.308456,0.341786,-0.876034,-0.340217,0.075531,-0.406803,-0.211521,0.116817,-0.547003,-0.280637,0.105675,-0.633326,-0.298608,0.096876,-0.682,-0.317673,-0.051171,-0.362596,-0.22887,-0.092517,-0.562884,-0.29534,-0.158377,-0.719744,-0.313635,-0.214165,-0.836111,-0.332543,-0.193269,-0.303908,-0.241111,-0.298098,-0.470083,-0.307673,-0.373417,-0.590134,-0.333754,-0.43556,-0.69163,-0.352489
WHERE,0.0,0.0,0.0,0.089689,-0.249758,0.0013,0.106546,-0.505858,-0.016601,0.066917,-0.694666,-0.034411,0.017261,-0.828644,-0.05917,0.154487,-0.496975,-0.098004,0.245517,-0.67347,-0.152038,0.301599,-0.802098,-0.186012,0.350946,-0.911955,-0.212545,0.087358,-0.446504,-0.128635,0.064845,-0.672146,-0.186006,0.013518,-0.83419,-0.222739,-0.024473,-0.961406,-0.253693,-0.006185,-0.386121,-0.152267,-0.074852,-0.599971,-0.214148,-0.150246,-0.744853,-0.251071,-0.213656,-0.863667,-0.27765,-0.118982,-0.323015,-0.170693,-0.230059,-0.446275,-0.232753,-0.308348,-0.539167,-0.26174,-0.368843,-0.624043,-0.278719
WHERE,0.0,0.0,0.0,0.100171,-0.19501,0.009848,0.168496,-0.404326,-0.001339,0.186679,-0.566337,-0.009269,0.191824,-0.686602,-0.024423,0.187781,-0.429522,-0.122257,0.287343,-0.637634,-0.171864,0.33822,-0.786017,-0.198139,0.382063,-0.898261,-0.21715,0.103625,-0.390548,-0.150162,0.098565,-0.636384,-0.204354,0.07303,-0.820747,-0.238226,0.052686,-0.957763,-0.266333,0.003551,-0.340964,-0.166679,-0.052774,-0.577729,-0.226882,-0.102917,-0.725183,-0.269881,-0.147604,-0.842489,-0.30002,-0.106025,-0.292959,-0.175346,-0.216028,-0.432801,-0.236924,-0.287362,-0.528175,-0.268129,-0.339071,-0.612616,-0.286155
WHERE,0.0,0.0,0.0,0.106735,-0.19184,0.014304,0.16611,-0.397132,0.003983,0.182463,-0.553241,-0.008872,0.166299,-0.6565,-0.033107,0.146439,-0.458374,-0.096075,0.213251,-0.64647,-0.144837,0.257162,-0.769769,-0.172548,0.287013,-0.863269,-0.193678,0.053098,-0.438311,-0.135648,-0.00691,-0.678828,-0.194153,-0.068658,-0.839573,-0.232576,-0.122376,-0.95717,-0.262391,-0.054103,-0.388787,-0.166715,-0.124705,-0.589142,-0.233755,-0.168324,-0.744894,-0.278517,-0.210767,-0.87177,-0.309143,-0.161797,-0.320726,-0.189831,-0.264911,-0.448728,-0.257279,-0.331199,-0.54129,-0.28627,-0.389451,-0.625528,-0.302113
WHERE,0.0,0.0,0.0,0.115127,-0.176699,-0.033109,0.197201,-0.414428,-0.057903,0.253117,-0.598312,-0.076288,0.292825,-0.729086,-0.104208,0.124029,-0.446599,-0.129793,0.185041,-0.644973,-0.178321,0.219655,-0.775415,-0.206581,0.241656,-0.890465,-0.230315,0.023209,-0.408662,-0.143616,-0.0542,-0.644327,-0.209366,-0.108186,-0.807743,-0.25968,-0.15307,-0.941284,-0.300923,-0.084353,-0.354381,-0.15069,-0.184649,-0.575431,-0.220369,-0.247894,-0.718881,-0.262092,-0.301781,-0.832832,-0.291038,-0.18182,-0.297082,-0.154238,-0.264754,-0.446809,-0.21322,-0.318423,-0.538116,-0.236116,-0.361618,-0.618502,-0.250161
WHERE,0.0,0.0,0.0,0.094341,-0.1899,0.017136,0.117216,-0.392082,0.002939,0.086668,-0.532129,-0.017156,0.018478,-0.620914,-0.050169,0.132531,-0.471383,-0.083622,0.194816,-0.663942,-0.130028,0.23491,-0.791326,-0.158012,0.25743,-0.89909,-0.179533,0.049494,-0.474727,-0.122292,-0.029206,-0.714727,-0.169824,-0.106512,-0.852586,-0.202463,-0.175641,-0.957693,-0.22798,-0.053468,-0.438777,-0.152853,-0.15195,-0.637566,-0.207973,-0.220964,-0.771388,-0.246875,-0.282812,-0.879316,-0.273106,-0.160781,-0.370208,-0.176178,-0.2774,-0.494238,-0.231287,-0.34626,-0.571975,-0.253606,-0.405584,-0.63891,-0.264216
WHERE,0.0,0.0,0.0,0.071215,-0.198299,-0.009307,0.136804,-0.413137,-0.031629,0.178143,-0.568148,-0.051593,0.207657,-0.692001,-0.078721,0.18909,-0.416844,-0.131116,0.274424,-0.617982,-0.195748,0.322543,-0.766154,-0.237896,0.366676,-0.890537,-0.269245,0.139578,-0.378857,-0.16244,0.145053,-0.616513,-0.238926,0.132266,-0.795885,-0.290572,0.116519,-0.931562,-0.32893,0.06174,-0.322192,-0.184012,0.013091,-0.534879,-0.262957,-0.045327,-0.676664,-0.305925,-0.099312,-0.786529,-0.332785,-0.037332,-0.263031,-0.200879,-0.13718,-0.389813,-0.27152,-0.208646,-0.486157,-0.297516,-0.26615,-0.571941,-0.311076
WHERE,0.0,0.0,0.0,0.068638,-0.168335,-0.006882,0.124298,-0.366108,-0.036793,0.150252,-0.521818,-0.063953,0.164419,-0.656883,-0.100045,0.194327,-0.38628,-0.159992,0.299276,-0.576702,-0.23427,0.357377,-0.725334,-0.27973,0.407933,-0.849721,-0.313262,0.14682,-0.35226,-0.197889,0.18929,-0.57217,-0.286322,0.190404,-0.759969,-0.34025,0.180282,-0.907552,-0.379273,0.064564,-0.290914,-0.223623,0.035956,-0.490782,-0.312803,-0.021406,-0.63057,-0.353362,-0.075423,-0.740379,-0.377094,-0.044075,-0.230256,-0.24317,-0.138058,-0.361773,-0.322661,-0.211174,-0.457525,-0.346221,-0.271085,-0.538993,-0.356727
WHERE,0.0,0.0,0.0,0.097782,-0.223825,0.005781,0.12377,-0.434688,-0.013735,0.086883,-0.580381,-0.032489,0.036213,-0.678212,-0.059128,0.151554,-0.458159,-0.116702,0.243376,-0.666319,-0.171764,0.295705,-0.797855,-0.205869,0.345186,-0.909673,-0.230957,0.074359,-0.399183,-0.142986,0.050763,-0.625503,-0.204291,0.012895,-0.795468,-0.246726,-0.01939,-0.929395,-0.281649,-0.024214,-0.338702,-0.159104,-0.10686,-0.58246,-0.223267,-0.177273,-0.730353,-0.265182,-0.236386,-0.842699,-0.293241,-0.131077,-0.285191,-0.16791,-0.237306,-0.451687,-0.22595,-0.30866,-0.541621,-0.251335,-0.360947,-0.616821,-0.265338
WHERE,0.0,0.0,0.0,0.09662,-0.184788,0.014254,0.146545,-0.393264,-0.00074,0.140339,-0.556857,-0.011699,0.132388,-0.672502,-0.03,0.164917,-0.429379,-0.125503,0.262976,-0.63604,-0.181947,0.317155,-0.769983,-0.214037,0.36692,-0.86993,-0.237666,0.090435,-0.396136,-0.156939,0.097802,-0.646767,-0.21876,0.069186,-0.827402,-0.257109,0.04334,-0.956731,-0.287729,-0.003059,-0.340645,-0.176688,-0.050197,-0.566874,-0.244228,-0.099072,-0.705721,-0.292035,-0.143386,-0.813083,-0.324618,-0.10771,-0.281272,-0.187234,-0.214833,-0.410116,-0.255591,-0.286616,-0.495502,-0.290806,-0.339473,-0.571774,-0.312032
WHERE,0.0,0.0,0.0,0.108006,-0.199164,-0.011524,0.130578,-0.41466,-0.040293,0.085034,-0.566245,-0.063883,0.026895,-0.653981,-0.096741,0.127924,-0.449618,-0.139083,0.201265,-0.661293,-0.195124,0.242047,-0.798436,-0.227155,0.278362,-0.91564,-0.251356,0.028218,-0.406825,-0.15961,-0.020065,-0.639917,-0.227081,-0.069658,-0.806685,-0.273818,-0.106254,-0.944528,-0.310768,-0.078809,-0.348979,-0.169718,-0.178311,-0.582112,-0.239917,-0.247572,-0.723972,-0.282225,-0.303938,-0.835939,-0.309866,-0.181384,-0.286124,-0.173121,-0.281146,-0.445282,-0.233938,-0.349049,-0.53316,-0.258296,-0.401377,-0.61245,-0.271934
WHERE,0.0,0.0,0.0,0.119385,-0.14503,0.002032,0.19399,-0.338339,-0.035283,0.240153,-0.495429,-0.067031,0.265915,-0.617525,-0.11199,0.19707,-0.385496,-0.210029,0.266463,-0.582421,-0.295954,0.303026,-0.722667,-0.346309,0.333654,-0.846318,-0.385977,0.127885,-0.373152,-0.254136,0.159844,-0.560575,-0.365954,0.16131,-0.720051,-0.431313,0.150252,-0.862194,-0.483783,0.031022,-0.325657,-0.281022,-0.0195,-0.518571,-0.385852,-0.07102,-0.650957,-0.435621,-0.121593,-0.762014,-0.472643,-0.084067,-0.265478,-0.298685,-0.192128,-0.36929,-0.39963,-0.280412,-0.450247,-0.441154,-0.355547,-0.528967,-0.469385
WHERE,0.0,0.0,0.0,0.078054,-0.255242,-0.015813,0.077862,-0.519297,-0.051268,0.031289,-0.715253,-0.083693,-0.009681,-0.857877,-0.123183,0.148824,-0.493106,-0.134612,0.231122,-0.653525,-0.211831,0.295864,-0.76296,-0.26594,0.359605,-0.861847,-0.30514,0.074936,-0.445537,-0.161693,0.060026,-0.6511,-0.241991,0.035932,-0.806482,-0.297094,0.019813,-0.940144,-0.3402,-0.024038,-0.383351,-0.18115,-0.111204,-0.599474,-0.266486,-0.184983,-0.737199,-0.30935,-0.24628,-0.851218,-0.335302,-0.140394,-0.316725,-0.195455,-0.245029,-0.460042,-0.272385,-0.315959,-0.552255,-0.302533,-0.372856,-0.633033,-0.318112
WHERE,0.0,0.0,0.0,0.112963,-0.217641,-0.012705,0.155668,-0.452484,-0.039801,0.138875,-0.623865,-0.062129,0.108615,-0.738768,-0.092813,0.159053,-0.464879,-0.142822,0.246508,-0.658822,-0.207639,0.307084,-0.785521,-0.245282,0.363189,-0.89111,-0.272062,0.067011,-0.413832,-0.165166,0.027574,-0.630253,-0.23893,-0.018191,-0.79942,-0.281767,-0.054049,-0.936447,-0.314963,-0.043015,-0.35229,-0.178891,-0.143899,-0.587139,-0.256686,-0.212482,-0.728679,-0.294132,-0.269123,-0.841974,-0.316598,-0.157938,-0.288889,-0.186481,-0.271734,-0.465724,-0.256166,-0.345231,-0.565281,-0.281231,-0.399801,-0.649777,-0.292907
WHERE,0.0,0.0,0.0,0.089011,-0.184502,-0.016942,0.159405,-0.415159,-0.04513,0.21427,-0.590012,-0.065352,0.270011,-0.696477,-0.092415,0.193478,-0.397025,-0.165684,0.288218,-0.589559,-0.241714,0.353596,-0.715507,-0.291019,0.418805,-0.817139,-0.328772,0.127538,-0.362058,-0.192242,0.152605,-0.58705,-0.287118,0.14092,-0.772114,-0.350413,0.12513,-0.90835,-0.399053,0.036431,-0.312422,-0.208056,-0.003753,-0.550775,-0.305291,-0.054489,-0.705507,-0.365476,-0.106576,-0.818311,-0.404531,-0.06724,-0.265999,-0.216871,-0.165115,-0.416324,-0.303174,-0.23422,-0.509511,-0.347155,-0.289112,-0.593301,-0.375831
WHERE,0.0,0.0,0.0,0.115196,-0.212971,-0.042628,0.200546,-0.477893,-0.069595,0.259357,-0.675568,-0.086773,0.298851,-0.819747,-0.109883,0.157227,-0.461092,-0.151605,0.232641,-0.643692,-0.218005,0.293412,-0.760262,-0.258957,0.354139,-0.865496,-0.290024,0.065657,-0.408743,-0.162847,0.016948,-0.614165,-0.246777,-0.027194,-0.790875,-0.301655,-0.060414,-0.936897,-0.344345,-0.044829,-0.347489,-0.167925,-0.14601,-0.574584,-0.2529,-0.21541,-0.719331,-0.289582,-0.273558,-0.832833,-0.31222,-0.15661,-0.285739,-0.17081,-0.263883,-0.451331,-0.244644,-0.333505,-0.551933,-0.270417,-0.386827,-0.642594,-0.283332
WHERE,0.0,0.0,0.0,0.090717,-0.222072,-0.015117,0.153311,-0.444682,-0.055881,0.19403,-0.610611,-0.088606,0.26635,-0.725039,-0.127508,0.205859,-0.429837,-0.174105,0.313854,-0.615123,-0.247546,0.373076,-0.74333,-0.288746,0.426192,-0.845243,-0.322375,0.141061,-0.400127,-0.210264,0.250108,-0.563449,-0.309222,0.283723,-0.705688,-0.3776,0.306529,-0.83132,-0.431414,0.037309,-0.349714,-0.23361,0.035547,-0.556776,-0.340863,0.018971,-0.710484,-0.408248,-0.000192,-0.839596,-0.455905,-0.100447,-0.300725,-0.2474,-0.204634,-0.426828,-0.344959,-0.277551,-0.502802,-0.391238,-0.337727,-0.582511,-0.4237
WHERE,0.0,0.0,0.0,0.080265,-0.193079,-0.019567,0.143832,-0.428462,-0.050755,0.190901,-0.613755,-0.073624,0.258332,-0.729943,-0.101483,0.1908,-0.401168,-0.158282,0.286523,-0.590061,-0.232639,0.354547,-0.714828,-0.279698,0.417305,-0.818678,-0.314926,0.128218,-0.367828,-0.182932,0.151751,-0.590647,-0.268725,0.138384,-0.782541,-0.323295,0.116332,-0.923728,-0.364958,0.037307,-0.313347,-0.197832,-0.003927,-0.540365,-0.285078,-0.054849,-0.690238,-0.329787,-0.109293,-0.806025,-0.357566,-0.070414,-0.261733,-0.207068,-0.165777,-0.406071,-0.286392,-0.234357,-0.497828,-0.317991,-0.293367,-0.580541,-0.335292
WHERE,0.0,0.0,0.0,0.109582,-0.215852,-0.024926,0.151804,-0.464007,-0.057567,0.146027,-0.645158,-0.08357,0.121947,-0.771416,-0.11838,0.148399,-0.482513,-0.153973,0.221064,-0.660362,-0.220894,0.272663,-0.778076,-0.262208,0.320988,-0.884418,-0.292493,0.04673,-0.435977,-0.17347,0.002494,-0.638514,-0.251026,-0.040633,-0.798656,-0.302448,-0.074283,-0.936414,-0.342946,-0.067117,-0.371702,-0.184162,-0.170414,-0.589543,-0.263532,-0.234838,-0.718689,-0.301522,-0.291802,-0.825426,-0.325171,-0.180255,-0.300974,-0.189922,-0.287827,-0.470853,-0.257993,-0.357522,-0.56855,-0.280961,-0.41513,-0.658596,-0.292218
WHERE,0.0,0.0,0.0,0.07908,-0.197875,-0.035667,0.143814,-0.413478,-0.084245,0.19478,-0.573635,-0.121611,0.244499,-0.706104,-0.166766,0.193716,-0.399496,-0.215948,0.292492,-0.571324,-0.31136,0.347428,-0.700409,-0.372381,0.397245,-0.806966,-0.417411,0.135001,-0.36282,-0.245283,0.201652,-0.541199,-0.35804,0.219176,-0.706159,-0.430718,0.222453,-0.844028,-0.487987,0.041746,-0.310046,-0.263169,0.019458,-0.524928,-0.374923,-0.022573,-0.676758,-0.434103,-0.064588,-0.79445,-0.47556,-0.080346,-0.261186,-0.275494,-0.182453,-0.388233,-0.380925,-0.255886,-0.481632,-0.428502,-0.317969,-0.569044,-0.459879
WHERE,0.0,0.0,0.0,0.09218,-0.202486,-0.021188,0.157075,-0.43691,-0.054118,0.202835,-0.615484,-0.078105,0.264739,-0.736677,-0.107386,0.203754,-0.413044,-0.166961,0.307026,-0.591477,-0.244683,0.374768,-0.723299,-0.293175,0.435561,-0.829731,-0.329133,0.133089,-0.371993,-0.190027,0.152053,-0.589641,-0.280077,0.134502,-0.783126,-0.333253,0.112924,-0.920318,-0.374518,0.039825,-0.312169,-0.203511,-0.003171,-0.533008,-0.290016,-0.052515,-0.687133,-0.332948,-0.099017,-0.797843,-0.36111,-0.066757,-0.258448,-0.212022,-0.168327,-0.404427,-0.290511,-0.234144,-0.505426,-0.324623,-0.283412,-0.590551,-0.344812
WHERE,0.0,0.0,0.0,0.120026,-0.252489,-0.026084,0.205096,-0.545046,-0.058667,0.2609,-0.781198,-0.083783,0.320191,-0.928261,-0.115448,0.146157,-0.471167,-0.159784,0.238219,-0.620715,-0.229274,0.285239,-0.75164,-0.26735,0.323242,-0.872312,-0.296526,0.035329,-0.420798,-0.17873,-0.050028,-0.647116,-0.255187,-0.101319,-0.781439,-0.294713,-0.146361,-0.8857,-0.328358,-0.091938,-0.367236,-0.190644,-0.212271,-0.618652,-0.271945,-0.284635,-0.763988,-0.304403,-0.353195,-0.877095,-0.325511,-0.213165,-0.308372,-0.197263,-0.30506,-0.502884,-0.268502,-0.366441,-0.611824,-0.296214,-0.424197,-0.708899,-0.312926
WHERE,0.0,0.0,0.0,0.123218,-0.259874,-0.0406,0.207272,-0.547313,-0.076491,0.249126,-0.763938,-0.101479,0.293875,-0.913105,-0.133144,0.148844,-0.452839,-0.19036,0.222815,-0.628921,-0.26465,0.267508,-0.759089,-0.303434,0.305557,-0.889674,-0.331244,0.025828,-0.3791,-0.199421,-0.054325,-0.572584,-0.27921,-0.11712,-0.733931,-0.325295,-0.170959,-0.879537,-0.36576,-0.107556,-0.313862,-0.200909,-0.252199,-0.547415,-0.281234,-0.3353,-0.711002,-0.318309,-0.406002,-0.846737,-0.343802,-0.225189,-0.256271,-0.198225,-0.332873,-0.475889,-0.262142,-0.39849,-0.612067,-0.286316,-0.452679,-0.729802,-0.301965
WHERE,0.0,0.0,0.0,0.079763,-0.209794,-0.015601,0.148792,-0.42693,-0.055617,0.198942,-0.598769,-0.087114,0.258934,-0.743521,-0.122231,0.211892,-0.401358,-0.176586,0.355635,-0.566764,-0.254012,0.44118,-0.692087,-0.294354,0.523347,-0.788291,-0.323582,0.173044,-0.364825,-0.20986,0.316772,-0.513271,-0.322404,0.39605,-0.645233,-0.397278,0.458502,-0.74548,-0.449357,0.084529,-0.310748,-0.227829,0.075182,-0.518524,-0.340547,0.027908,-0.682441,-0.39928,-0.015632,-0.802184,-0.431974,-0.038035,-0.260629,-0.236437,-0.133508,-0.41221,-0.325167,-0.208341,-0.495078,-0.355838,-0.277395,-0.575622,-0.372422
WHERE,0.0,0.0,0.0,0.084855,-0.192932,-0.022263,0.169001,-0.409044,-0.054048,0.224593,-0.584525,-0.078069,0.274732,-0.728185,-0.107745,0.2343,-0.39099,-0.169506,0.35703,-0.565122,-0.253785,0.434695,-0.694697,-0.304907,0.508675,-0.790781,-0.340464,0.180457,-0.344404,-0.194373,0.227488,-0.540867,-0.299075,0.23641,-0.724268,-0.361897,0.238666,-0.856364,-0.404608,0.095109,-0.28859,-0.209728,0.068345,-0.50456,-0.315293,0.026452,-0.660309,-0.372639,-0.012527,-0.773682,-0.404025,-0.0096,-0.244296,-0.218805,-0.106823,-0.404858,-0.305724,-0.175684,-0.514892,-0.343708,-0.225555,-0.605015,-0.364636
WHERE,0.0,0.0,0.0,0.065086,-0.181595,-0.043973,0.123844,-0.382885,-0.11354,0.175958,-0.546699,-0.170843,0.232898,-0.691988,-0.234882,0.181306,-0.363862,-0.256792,0.317183,-0.518046,-0.366105,0.394706,-0.640405,-0.432762,0.468987,-0.739821,-0.482407,0.135626,-0.327668,-0.283912,0.248243,-0.451592,-0.406609,0.290349,-0.617882,-0.472517,0.31502,-0.751621,-0.524294,0.054669,-0.269244,-0.299747,0.031909,-0.475409,-0.411771,-0.029125,-0.652632,-0.461545,-0.079698,-0.768641,-0.496226,-0.049412,-0.209061,-0.311367,-0.150584,-0.351744,-0.414579,-0.226576,-0.470254,-0.460057,-0.285204,-0.563263,-0.490323
WHERE,0.0,0.0,0.0,0.11771,-0.224078,-0.035869,0.170371,-0.497167,-0.067041,0.177079,-0.709513,-0.089033,0.175086,-0.86028,-0.118761,0.134659,-0.477672,-0.168393,0.207583,-0.664649,-0.234487,0.260369,-0.790766,-0.270934,0.305749,-0.904891,-0.296124,0.022318,-0.420151,-0.179724,-0.041197,-0.626403,-0.25463,-0.098066,-0.786999,-0.2999,-0.146832,-0.915055,-0.334264,-0.102103,-0.354096,-0.183044,-0.229097,-0.580504,-0.260101,-0.305481,-0.733416,-0.297123,-0.371725,-0.850649,-0.31874,-0.217775,-0.282197,-0.182099,-0.326278,-0.476309,-0.24841,-0.395415,-0.59773,-0.271756,-0.452694,-0.696937,-0.281714
WHERE,0.0,0.0,0.0,0.117079,-0.209793,-0.03667,0.141903,-0.435622,-0.082318,0.09585,-0.595499,-0.11441,0.046872,-0.697041,-0.154761,0.130811,-0.430461,-0.213307,0.195645,-0.624678,-0.303556,0.244959,-0.751452,-0.356901,0.290421,-0.873329,-0.39109,0.022232,-0.360167,-0.221547,-0.040449,-0.569912,-0.312885,-0.095785,-0.724954,-0.366533,-0.140676,-0.854495,-0.408504,-0.094272,-0.299687,-0.219092,-0.216672,-0.534236,-0.303308,-0.297315,-0.675837,-0.343988,-0.362047,-0.781769,-0.368363,-0.204947,-0.248626,-0.211037,-0.30155,-0.45389,-0.275923,-0.366079,-0.566671,-0.29922,-0.417202,-0.660981,-0.31157
WHERE,0.0,0.0,0.0,0.086033,-0.250842,-0.044866,0.169815,-0.550362,-0.081491,0.241672,-0.778483,-0.10724,0.301615,-0.922772,-0.139512,0.131827,-0.484416,-0.184812,0.21757,-0.652707,-0.262919,0.275887,-0.779378,-0.306218,0.32589,-0.883841,-0.335589,0.038193,-0.399871,-0.197548,-0.010124,-0.61386,-0.286663,-0.070809,-0.773167,-0.332936,-0.124656,-0.89358,-0.368159,-0.080881,-0.324917,-0.203956,-0.201277,-0.554725,-0.295216,-0.284879,-0.711836,-0.329722,-0.357395,-0.836688,-0.349815,-0.206512,-0.262534,-0.206941,-0.325695,-0.444922,-0.285293,-0.403144,-0.563742,-0.311634,-0.463095,-0.668176,-0.324216
WHERE,0.0,0.0,0.0,0.073537,-0.227506,-0.047866,0.136236,-0.46788,-0.093996,0.187808,-0.649923,-0.129635,0.262476,-0.773401,-0.170465,0.200919,-0.407568,-0.186864,0.311994,-0.572197,-0.276542,0.383139,-0.705509,-0.331542,0.4455,-0.814428,-0.371803,0.139719,-0.361021,-0.207782,0.189076,-0.535913,-0.315345,0.200071,-0.716783,-0.384812,0.201104,-0.859119,-0.436583,0.04939,-0.294506,-0.221172,-0.006521,-0.484207,-0.331693,-0.068064,-0.633009,-0.385532,-0.119934,-0.745371,-0.417033,-0.066195,-0.241793,-0.231223,-0.178274,-0.373166,-0.326638,-0.251124,-0.46514,-0.363254,-0.305468,-0.543871,-0.383321
WHERE,0.0,0.0,0.0,0.082087,-0.198555,-0.054504,0.150066,-0.423137,-0.113321,0.204215,-0.596471,-0.159786,0.274528,-0.731205,-0.215761,0.207106,-0.375117,-0.24187,0.304207,-0.549784,-0.351087,0.374696,-0.66637,-0.42072,0.442165,-0.762026,-0.473082,0.136756,-0.321526,-0.268167,0.162615,-0.503748,-0.407143,0.152034,-0.674679,-0.498594,0.147689,-0.8068,-0.567275,0.042438,-0.250448,-0.284259,-0.005495,-0.430299,-0.421961,-0.05909,-0.577811,-0.500408,-0.10427,-0.688047,-0.549611,-0.067636,-0.188767,-0.294847,-0.166786,-0.327599,-0.411821,-0.237462,-0.424452,-0.467072,-0.288823,-0.510056,-0.503383
WHERE,0.0,0.0,0.0,0.102975,-0.236296,-0.036685,0.167022,-0.513589,-0.086189,0.223205,-0.745823,-0.12815,0.297221,-0.887271,-0.18079,0.141834,-0.488171,-0.194029,0.188366,-0.631351,-0.289904,0.228702,-0.746153,-0.350501,0.257668,-0.827929,-0.389582,0.049331,-0.419423,-0.219219,-0.046648,-0.641123,-0.307276,-0.138707,-0.791413,-0.351766,-0.222122,-0.894934,-0.386981,-0.06457,-0.331793,-0.238653,-0.191817,-0.544929,-0.322692,-0.28926,-0.690144,-0.348088,-0.373176,-0.798109,-0.363896,-0.183571,-0.237311,-0.25437,-0.310175,-0.40283,-0.323424,-0.393025,-0.517619,-0.336497,-0.459655,-0.616112,-0.340799
WHERE,0.0,0.0,0.0,0.109902,-0.238874,-0.047867,0.157461,-0.50975,-0.099655,0.175157,-0.716903,-0.137841,0.199513,-0.85532,-0.181495,0.131564,-0.430964,-0.223513,0.190489,-0.62949,-0.305216,0.204717,-0.762495,-0.342383,0.22248,-0.90134,-0.371604,0.020262,-0.36051,-0.234447,0.013423,-0.547119,-0.341634,-0.009809,-0.703795,-0.403566,-0.02997,-0.855087,-0.455326,-0.111666,-0.287717,-0.233802,-0.242986,-0.503936,-0.336438,-0.34139,-0.646532,-0.378077,-0.42186,-0.762877,-0.405284,-0.240748,-0.220262,-0.227453,-0.347875,-0.414466,-0.303282,-0.414279,-0.526545,-0.332727,-0.476934,-0.638348,-0.354375
WHERE,0.0,0.0,0.0,0.066782,-0.229058,0.001893,0.045972,-0.459017,-0.03909,-0.034561,-0.632982,-0.07635,-0.126861,-0.737683,-0.121976,0.117275,-0.48862,-0.170223,0.189968,-0.652169,-0.254895,0.214733,-0.80298,-0.299335,0.234671,-0.915545,-0.32666,0.042874,-0.462682,-0.202023,-0.042253,-0.717366,-0.268312,-0.134529,-0.838469,-0.275467,-0.195929,-0.887614,-0.282122,-0.0729,-0.395305,-0.225634,-0.220429,-0.657827,-0.290725,-0.327069,-0.77274,-0.28994,-0.395397,-0.813547,-0.286492,-0.198639,-0.300708,-0.243315,-0.324968,-0.474596,-0.315027,-0.411935,-0.581674,-0.33384,-0.474887,-0.644143,-0.338694
WHERE,0.0,0.0,0.0,0.07348,-0.201331,-0.019218,0.132251,-0.421232,-0.058873,0.178836,-0.592587,-0.092661,0.231277,-0.721627,-0.132755,0.195481,-0.399117,-0.168948,0.305749,-0.57723,-0.247671,0.368492,-0.71912,-0.296091,0.425989,-0.832753,-0.332006,0.144742,-0.365648,-0.20211,0.181506,-0.582186,-0.295688,0.175599,-0.765877,-0.352555,0.159313,-0.904687,-0.395172,0.057205,-0.305421,-0.224541,0.011934,-0.528988,-0.317682,-0.04538,-0.679878,-0.35919,-0.100345,-0.791652,-0.385347,-0.056058,-0.247256,-0.241812,-0.158423,-0.393167,-0.324845,-0.232619,-0.490541,-0.35235,-0.294456,-0.569998,-0.366883
WHERE,0.0,0.0,0.0,0.088267,-0.187186,-0.00897,0.158138,-0.398689,-0.037907,0.196911,-0.568908,-0.062269,0.231123,-0.702159,-0.093419,0.213357,-0.376695,-0.157152,0.326968,-0.571163,-0.234921,0.394456,-0.719303,-0.281475,0.451922,-0.834794,-0.314461,0.158085,-0.33931,-0.191058,0.203508,-0.556061,-0.28289,0.197611,-0.744149,-0.336571,0.180565,-0.88263,-0.374019,0.072174,-0.285174,-0.214978,0.042911,-0.506217,-0.31213,-0.002929,-0.664014,-0.364519,-0.049839,-0.784669,-0.394629,-0.034877,-0.237205,-0.231725,-0.1325,-0.38366,-0.318994,-0.205293,-0.488396,-0.354804,-0.264976,-0.574728,-0.373852
WHERE,0.0,0.0,0.0,0.065248,-0.208925,-0.009606,0.124687,-0.41987,-0.053782,0.170885,-0.583844,-0.093769,0.222413,-0.708144,-0.141744,0.194227,-0.387207,-0.190463,0.314511,-0.571259,-0.273188,0.379724,-0.711224,-0.321819,0.437567,-0.823255,-0.359218,0.146474,-0.354493,-0.233561,0.193104,-0.562992,-0.326798,0.186433,-0.750505,-0.378428,0.162807,-0.892439,-0.420769,0.058952,-0.300842,-0.265513,0.021686,-0.527275,-0.359735,-0.0271,-0.681642,-0.408334,-0.079322,-0.795794,-0.444457,-0.055764,-0.24779,-0.291161,-0.16712,-0.390666,-0.381142,-0.246072,-0.49279,-0.420971,-0.311435,-0.571048,-0.448086
WHERE,0.0,0.0,0.0,0.071506,-0.198432,-0.03585,0.094436,-0.420838,-0.090315,0.088781,-0.593752,-0.134157,0.072226,-0.742673,-0.183149,0.171545,-0.421792,-0.21238,0.282138,-0.581671,-0.307585,0.345041,-0.707406,-0.36912,0.408931,-0.813848,-0.412827,0.126058,-0.375406,-0.236291,0.216317,-0.527085,-0.351661,0.261912,-0.665633,-0.427293,0.301998,-0.784982,-0.48276,0.046929,-0.30712,-0.246021,-0.012905,-0.507539,-0.348185,-0.100639,-0.644201,-0.387702,-0.165279,-0.746774,-0.410625,-0.06288,-0.242826,-0.250963,-0.177019,-0.390993,-0.332626,-0.260545,-0.481344,-0.353085,-0.325317,-0.566559,-0.362773
WHERE,0.0,0.0,0.0,0.10581,-0.201132,-0.039814,0.118534,-0.436683,-0.081941,0.066807,-0.603975,-0.112292,0.013493,-0.706883,-0.150138,0.135734,-0.45955,-0.180882,0.210274,-0.657394,-0.248263,0.261177,-0.781514,-0.285978,0.303642,-0.900169,-0.312245,0.030631,-0.405079,-0.189357,-0.037753,-0.606522,-0.26637,-0.098001,-0.750947,-0.313791,-0.146111,-0.87722,-0.349532,-0.087698,-0.341476,-0.188888,-0.221429,-0.560773,-0.266166,-0.306259,-0.700975,-0.304644,-0.377403,-0.813242,-0.327141,-0.196357,-0.273035,-0.183489,-0.305843,-0.462523,-0.244328,-0.374615,-0.567858,-0.263193,-0.431691,-0.66108,-0.27177
WHERE,0.0,0.0,0.0,0.095579,-0.21985,-0.028842,0.121614,-0.467763,-0.061663,0.116122,-0.653458,-0.085147,0.094163,-0.791796,-0.117456,0.15199,-0.485849,-0.167961,0.234305,-0.640983,-0.243081,0.288867,-0.767776,-0.295562,0.32945,-0.883644,-0.33262,0.054486,-0.425474,-0.185164,0.003302,-0.636035,-0.25798,-0.062439,-0.792452,-0.303584,-0.117413,-0.915887,-0.340427,-0.061013,-0.353782,-0.194114,-0.165518,-0.578551,-0.265577,-0.243696,-0.720205,-0.29587,-0.307619,-0.833032,-0.316355,-0.178343,-0.276655,-0.199102,-0.298421,-0.443208,-0.264761,-0.374652,-0.545497,-0.282961,-0.427976,-0.635657,-0.289572
WHERE,0.0,0.0,0.0,0.084187,-0.169759,-0.026135,0.1489,-0.372112,-0.081471,0.201232,-0.53731,-0.127554,0.253672,-0.679517,-0.181526,0.199615,-0.387732,-0.22739,0.312775,-0.548234,-0.327653,0.375093,-0.677101,-0.390499,0.426218,-0.790858,-0.439183,0.146076,-0.36055,-0.265947,0.227349,-0.515241,-0.388446,0.256132,-0.664,-0.460963,0.265173,-0.796537,-0.518163,0.057051,-0.297101,-0.29121,0.021854,-0.494158,-0.406628,-0.027952,-0.638914,-0.453917,-0.072018,-0.755453,-0.487482,-0.054228,-0.223249,-0.310237,-0.156948,-0.354338,-0.418928,-0.23364,-0.443812,-0.458269,-0.296197,-0.528161,-0.483271
WHERE,0.0,0.0,0.0,0.077532,-0.203304,0.000641,0.147691,-0.418083,-0.026453,0.186378,-0.592032,-0.050439,0.225073,-0.737707,-0.080345,0.20859,-0.422567,-0.143079,0.336433,-0.599904,-0.21276,0.411251,-0.729821,-0.254387,0.477826,-0.831089,-0.28456,0.167649,-0.387412,-0.181915,0.231719,-0.578902,-0.262202,0.245287,-0.756537,-0.314616,0.241418,-0.893556,-0.353773,0.082003,-0.333218,-0.209896,0.052849,-0.557076,-0.300797,0.007819,-0.720582,-0.357877,-0.043702,-0.848906,-0.394007,-0.035039,-0.278076,-0.228996,-0.136981,-0.42101,-0.311182,-0.213663,-0.513041,-0.346053,-0.28417,-0.589947,-0.366107
WHERE,0.0,0.0,0.0,0.066771,-0.208827,0.003904,0.126733,-0.424911,-0.029718,0.161775,-0.588489,-0.061043,0.212726,-0.715769,-0.099888,0.197189,-0.403966,-0.163476,0.315762,-0.588065,-0.22671,0.376784,-0.728044,-0.259596,0.429842,-0.84073,-0.286509,0.14705,-0.371916,-0.206728,0.18952,-0.578341,-0.284732,0.195188,-0.763149,-0.332361,0.182139,-0.910056,-0.372322,0.056972,-0.314876,-0.236505,0.001842,-0.540034,-0.320207,-0.050212,-0.700652,-0.369001,-0.101058,-0.825492,-0.405477,-0.060372,-0.257746,-0.257796,-0.179985,-0.402714,-0.339416,-0.261754,-0.499581,-0.374175,-0.330334,-0.578597,-0.397444
WHERE,0.0,0.0,0.0,0.098463,-0.250669,-0.041909,0.184733,-0.529119,-0.066846,0.263035,-0.732805,-0.082735,0.319118,-0.888386,-0.103612,0.155407,-0.483545,-0.138649,0.239662,-0.661409,-0.199189,0.301831,-0.785647,-0.235915,0.358928,-0.895097,-0.264523,0.075231,-0.406897,-0.148773,0.033108,-0.615917,-0.224484,-0.010396,-0.793646,-0.268596,-0.050084,-0.934585,-0.304116,-0.032646,-0.336804,-0.155457,-0.131372,-0.570017,-0.233782,-0.202393,-0.739164,-0.273755,-0.26056,-0.871481,-0.300575,-0.148831,-0.278462,-0.16058,-0.264672,-0.441943,-0.231816,-0.335668,-0.558446,-0.265889,-0.389556,-0.657844,-0.286065
WHERE,0.0,0.0,0.0,0.099787,-0.214938,-0.042347,0.172379,-0.491644,-0.077349,0.224199,-0.698812,-0.100788,0.269857,-0.856932,-0.131327,0.158621,-0.454467,-0.184575,0.245506,-0.635587,-0.257969,0.309754,-0.761487,-0.300536,0.363016,-0.870888,-0.331321,0.071728,-0.381792,-0.198855,0.041305,-0.581721,-0.285683,-0.006044,-0.757909,-0.332147,-0.047985,-0.898312,-0.367788,-0.041775,-0.310339,-0.205782,-0.136307,-0.545816,-0.295022,-0.206244,-0.687912,-0.328994,-0.265523,-0.796496,-0.348362,-0.159491,-0.247657,-0.208686,-0.275464,-0.42523,-0.286106,-0.347874,-0.530693,-0.310262,-0.401066,-0.619291,-0.320477
WHERE,0.0,0.0,0.0,0.10608,-0.212844,-0.026869,0.173203,-0.460383,-0.057415,0.213138,-0.640653,-0.080568,0.258235,-0.774958,-0.111439,0.18763,-0.438263,-0.16311,0.272494,-0.62028,-0.234626,0.327186,-0.758362,-0.274612,0.373552,-0.867532,-0.304285,0.107012,-0.386319,-0.188543,0.103983,-0.60522,-0.275433,0.072105,-0.789774,-0.328625,0.04507,-0.928397,-0.368847,0.004504,-0.317386,-0.205205,-0.067169,-0.515868,-0.29819,-0.132429,-0.655871,-0.34473,-0.184385,-0.765204,-0.372161,-0.114041,-0.253893,-0.216701,-0.227306,-0.382576,-0.300804,-0.297057,-0.474023,-0.334377,-0.350157,-0.555615,-0.351694
WHERE,0.0,0.0,0.0,0.074741,-0.204253,-0.042396,0.142127,-0.432398,-0.087227,0.19265,-0.615212,-0.123038,0.260452,-0.741501,-0.165591,0.20948,-0.388102,-0.189454,0.308003,-0.570454,-0.279388,0.370775,-0.710935,-0.332869,0.425368,-0.825206,-0.371616,0.143296,-0.340539,-0.211869,0.16269,-0.554597,-0.318141,0.146019,-0.739201,-0.376267,0.131637,-0.877662,-0.418615,0.052294,-0.276546,-0.227394,0.011949,-0.475299,-0.333921,-0.043338,-0.618269,-0.378077,-0.088946,-0.730661,-0.402922,-0.05592,-0.227498,-0.23989,-0.146984,-0.375134,-0.33171,-0.213245,-0.475689,-0.364512,-0.259384,-0.562755,-0.381693
WHERE,0.0,0.0,0.0,0.070067,-0.240421,-0.035493,0.13814,-0.473076,-0.07843,0.20283,-0.644056,-0.113477,0.26945,-0.757736,-0.155827,0.198214,-0.423517,-0.188588,0.306367,-0.5832,-0.2699,0.365809,-0.717502,-0.31896,0.416443,-0.82879,-0.356502,0.133771,-0.371096,-0.21835,0.169387,-0.557437,-0.310941,0.154518,-0.752843,-0.365394,0.129761,-0.903347,-0.408812,0.033332,-0.303688,-0.240326,-0.027101,-0.51125,-0.339934,-0.100232,-0.673914,-0.389025,-0.162837,-0.789602,-0.420833,-0.092178,-0.240024,-0.258487,-0.201636,-0.369462,-0.352275,-0.278853,-0.478341,-0.390734,-0.34198,-0.560435,-0.412913
WHERE,0.0,0.0,0.0,0.083437,-0.254806,-0.033647,0.078529,-0.523306,-0.078276,0.022697,-0.717483,-0.117271,-0.039509,-0.851395,-0.166017,0.161415,-0.499653,-0.159012,0.245432,-0.631929,-0.240671,0.309954,-0.748971,-0.302338,0.365576,-0.863522,-0.347397,0.076708,-0.429697,-0.181096,0.023902,-0.633379,-0.254424,-0.040749,-0.793793,-0.305323,-0.090363,-0.931931,-0.348805,-0.036714,-0.350164,-0.196435,-0.149588,-0.573865,-0.269441,-0.234607,-0.719901,-0.298075,-0.299997,-0.840711,-0.318071,-0.165058,-0.270649,-0.20933,-0.283519,-0.444024,-0.273879,-0.354538,-0.555565,-0.28858,-0.406134,-0.648109,-0.294372
WHERE,0.0,0.0,0.0,0.117729,-0.246098,-0.044822,0.212321,-0.531071,-0.076296,0.271125,-0.752011,-0.099158,0.307349,-0.909729,-0.129394,0.145274,-0.48525,-0.160232,0.22551,-0.650408,-0.230414,0.284497,-0.769734,-0.272073,0.337454,-0.880216,-0.301825,0.040843,-0.405093,-0.171741,-0.030852,-0.614682,-0.249675,-0.095037,-0.788851,-0.298017,-0.147219,-0.929802,-0.337334,-0.08199,-0.323348,-0.178683,-0.212377,-0.56265,-0.264421,-0.298862,-0.722671,-0.302288,-0.369764,-0.847382,-0.324467,-0.199293,-0.245075,-0.182634,-0.307982,-0.445032,-0.256777,-0.380321,-0.577094,-0.282602,-0.438227,-0.68639,-0.294936
WHERE,0.0,0.0,0.0,0.079468,-0.199125,-0.018726,0.096285,-0.41121,-0.060754,0.057085,-0.57514,-0.100038,-0.003623,-0.700342,-0.146439,0.163167,-0.467143,-0.155285,0.262435,-0.624171,-0.241114,0.322815,-0.741231,-0.300227,0.378909,-0.840186,-0.340546,0.117503,-0.438614,-0.186187,0.18357,-0.618884,-0.273821,0.211669,-0.766267,-0.336138,0.229779,-0.894781,-0.382843,0.034832,-0.381037,-0.207297,-0.021838,-0.599066,-0.293502,-0.110045,-0.735308,-0.334749,-0.177675,-0.8388,-0.358788,-0.080351,-0.312387,-0.22349,-0.189976,-0.45543,-0.296343,-0.269028,-0.545845,-0.318248,-0.334054,-0.622657,-0.328202
WHERE,0.0,0.0,0.0,0.078679,-0.203194,-0.02099,0.143086,-0.436686,-0.054655,0.185978,-0.624197,-0.082303,0.247052,-0.747375,-0.117752,0.197758,-0.416539,-0.160962,0.300852,-0.590096,-0.239528,0.368427,-0.725562,-0.28659,0.424828,-0.832484,-0.32085,0.134101,-0.372925,-0.186973,0.146675,-0.59382,-0.278583,0.129038,-0.782904,-0.333472,0.110043,-0.920505,-0.374914,0.044665,-0.310177,-0.203684,0.001858,-0.524807,-0.294359,-0.051613,-0.661877,-0.336261,-0.097366,-0.768871,-0.361898,-0.063361,-0.258974,-0.215485,-0.159488,-0.405634,-0.293308,-0.223739,-0.494044,-0.321603,-0.268309,-0.571717,-0.336892
WHERE,0.0,0.0,0.0,0.099063,-0.211526,-0.037014,0.160437,-0.424809,-0.089,0.208016,-0.584529,-0.130019,0.262264,-0.711684,-0.180151,0.194518,-0.38975,-0.223645,0.29195,-0.564499,-0.314475,0.348692,-0.696271,-0.36799,0.401903,-0.799252,-0.408298,0.116687,-0.350442,-0.250057,0.151746,-0.543229,-0.362681,0.145157,-0.722982,-0.437977,0.138424,-0.856183,-0.497785,0.019537,-0.288065,-0.263066,-0.032125,-0.474588,-0.370575,-0.076737,-0.62601,-0.433797,-0.113233,-0.734623,-0.478384,-0.093823,-0.226993,-0.270302,-0.201267,-0.341321,-0.367633,-0.260495,-0.424641,-0.414034,-0.304336,-0.497155,-0.444763
WHERE,0.0,0.0,0.0,0.098297,-0.203632,-0.007341,0.179832,-0.448182,-0.034787,0.245417,-0.649776,-0.06186,0.300335,-0.80631,-0.097261,0.124024,-0.497499,-0.112018,0.106126,-0.729541,-0.170902,0.07073,-0.854287,-0.204169,0.028139,-0.950149,-0.224232,0.034164,-0.429139,-0.138905,-0.100046,-0.67862,-0.189499,-0.187706,-0.825794,-0.216842,-0.260428,-0.93405,-0.244392,-0.071371,-0.355891,-0.161542,-0.210859,-0.594327,-0.211558,-0.282459,-0.736431,-0.22743,-0.333824,-0.847022,-0.242541,-0.180915,-0.281709,-0.18025,-0.297115,-0.480066,-0.221854,-0.350395,-0.590141,-0.229272,-0.388163,-0.68292,-0.234063
WHERE,0.0,0.0,0.0,0.110584,-0.213881,-0.03123,0.196165,-0.445189,-0.067411,0.241557,-0.649233,-0.098052,0.247379,-0.817623,-0.136797,0.101445,-0.427892,-0.146277,0.020691,-0.678018,-0.213096,-0.052535,-0.826383,-0.256355,-0.115273,-0.951214,-0.286189,-0.011555,-0.331639,-0.166167,-0.124563,-0.595558,-0.226073,-0.203835,-0.774263,-0.262558,-0.266587,-0.908045,-0.300184,-0.11196,-0.247631,-0.18222,-0.229169,-0.485872,-0.234803,-0.295562,-0.642698,-0.254206,-0.342177,-0.769465,-0.274802,-0.198136,-0.176172,-0.198459,-0.305824,-0.368487,-0.245365,-0.364242,-0.501201,-0.260348,-0.40442,-0.615745,-0.27406
WHERE,0.0,0.0,0.0,0.10122,-0.208462,-0.007651,0.167136,-0.459715,-0.039279,0.202203,-0.660656,-0.072507,0.248974,-0.806163,-0.114673,0.134783,-0.498446,-0.112541,0.066211,-0.757645,-0.192965,-0.000254,-0.889222,-0.242829,-0.058414,-0.96185,-0.26727,0.039007,-0.425999,-0.143076,-0.076695,-0.714147,-0.208562,-0.164036,-0.857338,-0.232076,-0.230839,-0.915169,-0.247339,-0.068383,-0.347079,-0.171523,-0.186882,-0.626791,-0.235006,-0.2633,-0.771879,-0.23817,-0.311544,-0.834697,-0.232796,-0.183226,-0.267561,-0.196955,-0.285121,-0.518559,-0.246984,-0.33354,-0.637824,-0.244547,-0.361896,-0.693133,-0.233518
WHERE,0.0,0.0,0.0,0.101348,-0.172627,0.00341,0.140493,-0.395136,-0.01304,0.125628,-0.570691,-0.030893,0.074524,-0.68859,-0.058768,0.195983,-0.435674,-0.098192,0.250308,-0.648819,-0.151429,0.265294,-0.802095,-0.186166,0.261421,-0.928369,-0.210194,0.122328,-0.401467,-0.130913,0.078876,-0.664026,-0.183639,0.015284,-0.837558,-0.215368,-0.042268,-0.969758,-0.240381,0.017455,-0.351689,-0.156831,-0.048263,-0.596491,-0.213818,-0.122894,-0.751986,-0.2443,-0.182884,-0.86991,-0.263214,-0.103873,-0.294501,-0.177421,-0.186941,-0.479867,-0.235107,-0.250139,-0.58958,-0.254601,-0.302459,-0.677408,-0.261938
WHERE,0.0,0.0,0.0,0.117722,-0.197162,-0.024175,0.215608,-0.437698,-0.048219,0.276366,-0.622192,-0.064273,0.310917,-0.764373,-0.08789,0.213496,-0.430093,-0.156249,0.316387,-0.600928,-0.223241,0.349584,-0.746742,-0.260938,0.365708,-0.87339,-0.286736,0.126551,-0.37275,-0.173502,0.098502,-0.609823,-0.244103,0.04919,-0.804739,-0.281968,0.005128,-0.949494,-0.313742,0.014942,-0.322599,-0.183876,-0.052684,-0.569927,-0.255681,-0.119749,-0.736136,-0.288542,-0.174507,-0.861772,-0.310627,-0.105764,-0.281967,-0.189984,-0.200542,-0.45812,-0.256721,-0.264289,-0.570749,-0.282588,-0.309724,-0.663741,-0.295665
WHERE,0.0,0.0,0.0,0.11057,-0.228064,-0.02247,0.131544,-0.510571,-0.067025,0.075104,-0.723385,-0.104785,-0.00525,-0.865901,-0.152505,0.171249,-0.455882,-0.177456,0.242166,-0.587235,-0.255551,0.263044,-0.717657,-0.29835,0.270564,-0.828297,-0.32421,0.071377,-0.389898,-0.199052,-0.012963,-0.642704,-0.264285,-0.093519,-0.82724,-0.28787,-0.160311,-0.936821,-0.310913,-0.056904,-0.329119,-0.212953,-0.174267,-0.599643,-0.280106,-0.237133,-0.722919,-0.288687,-0.273578,-0.764538,-0.29013,-0.192035,-0.268536,-0.221981,-0.275051,-0.490041,-0.27169,-0.295176,-0.570769,-0.272603,-0.296714,-0.586965,-0.268089
WHERE,0.0,0.0,0.0,0.094994,-0.231848,-0.0151,0.159065,-0.497865,-0.048816,0.184983,-0.712115,-0.080365,0.197726,-0.842291,-0.12026,0.115807,-0.484128,-0.116172,0.012595,-0.730027,-0.184203,-0.072589,-0.856171,-0.233,-0.144518,-0.946932,-0.262963,0.004298,-0.389527,-0.140143,-0.123698,-0.657996,-0.193583,-0.214379,-0.816914,-0.228377,-0.283876,-0.922358,-0.262049,-0.108265,-0.309812,-0.160147,-0.224564,-0.560334,-0.203576,-0.288838,-0.710455,-0.215627,-0.33056,-0.815977,-0.229108,-0.220553,-0.243212,-0.178544,-0.298147,-0.456725,-0.21205,-0.33814,-0.583892,-0.212685,-0.364794,-0.68457,-0.214217
WHERE,0.0,0.0,0.0,0.109616,-0.250423,-0.010088,0.142727,-0.523393,-0.043393,0.141586,-0.741882,-0.082209,0.079143,-0.869683,-0.121632,0.00136,-0.731808,-0.05849,-0.157002,-0.979602,-0.125424,-0.167219,-0.941428,-0.166411,-0.14742,-0.843586,-0.18243,-0.104773,-0.65771,-0.082101,-0.283171,-0.910419,-0.138632,-0.25219,-0.855916,-0.157029,-0.194125,-0.749054,-0.166692,-0.195994,-0.559508,-0.106039,-0.355833,-0.780621,-0.158027,-0.3056,-0.731898,-0.154598,-0.23881,-0.633662,-0.146148,-0.270653,-0.456342,-0.129465,-0.393797,-0.652195,-0.164225,-0.355501,-0.613521,-0.149153,-0.294742,-0.536879,-0.130349
WHERE,0.0,0.0,0.0,0.172119,-0.181829,-0.016697,0.248873,-0.484387,-0.04307,0.212543,-0.750916,-0.076633,0.10871,-0.871781,-0.116821,0.19615,-0.695554,-0.063443,0.156555,-0.949718,-0.155109,0.157477,-0.954519,-0.223308,0.167085,-0.871615,-0.258343,0.082875,-0.663112,-0.093502,0.017125,-0.955398,-0.177107,0.039308,-0.974109,-0.222636,0.06559,-0.89233,-0.246706,-0.038306,-0.585006,-0.127714,-0.096325,-0.862063,-0.213687,-0.059695,-0.862223,-0.234428,-0.025633,-0.774931,-0.234135,-0.165851,-0.475061,-0.161171,-0.212946,-0.719755,-0.233819,-0.195149,-0.772428,-0.247405,-0.174014,-0.768308,-0.244854
WHERE,0.0,0.0,0.0,0.133485,-0.22852,-0.01224,0.23477,-0.493743,-0.048469,0.277977,-0.726861,-0.082571,0.283455,-0.896201,-0.12552,0.264449,-0.401095,-0.152731,0.260594,-0.681582,-0.241722,0.219116,-0.82945,-0.300344,0.181337,-0.918847,-0.336854,0.161725,-0.32939,-0.186214,0.138261,-0.614166,-0.2589,0.075781,-0.818888,-0.290613,0.01695,-0.945737,-0.32449,0.035091,-0.272566,-0.216409,0.008201,-0.535552,-0.281786,-0.043062,-0.744761,-0.301965,-0.08549,-0.878171,-0.322678,-0.109555,-0.234407,-0.243807,-0.143116,-0.461034,-0.305283,-0.171258,-0.625181,-0.326424,-0.197241,-0.752195,-0.343257
WHERE,0.0,0.0,0.0,0.141136,-0.18081,-0.019809,0.24377,-0.452651,-0.064814,0.316403,-0.708633,-0.104345,0.344248,-0.919988,-0.154561,0.196521,-0.436543,-0.185214,0.175029,-0.73295,-0.269792,0.145456,-0.869548,-0.30949,0.119397,-0.920425,-0.327819,0.046538,-0.423616,-0.207453,-0.058392,-0.805129,-0.274381,-0.119435,-0.92447,-0.290411,-0.15306,-0.939943,-0.30509,-0.100313,-0.403216,-0.222892,-0.215337,-0.749585,-0.281237,-0.278785,-0.864033,-0.27805,-0.313118,-0.89411,-0.277364,-0.227292,-0.367152,-0.233878,-0.338988,-0.623462,-0.282426,-0.402262,-0.727697,-0.280681,-0.439714,-0.782107,-0.275609
WHERE,0.0,0.0,0.0,0.098655,-0.232578,-0.054021,0.175254,-0.49736,-0.11552,0.227341,-0.708943,-0.163004,0.26031,-0.860162,-0.219626,0.182213,-0.392843,-0.263533,0.238688,-0.59526,-0.368959,0.256267,-0.747585,-0.421119,0.265902,-0.852288,-0.450446,0.076439,-0.320714,-0.273395,0.043474,-0.516046,-0.367212,-0.015751,-0.669459,-0.395161,-0.060445,-0.759923,-0.421389,-0.05078,-0.258304,-0.276094,-0.141356,-0.448324,-0.370316,-0.230863,-0.609542,-0.392326,-0.298047,-0.712661,-0.405468,-0.181177,-0.208407,-0.275019,-0.266892,-0.38773,-0.349317,-0.320551,-0.505947,-0.367294,-0.358687,-0.583984,-0.3769
WHERE,0.0,0.0,0.0,0.119056,-0.217951,-0.030446,0.22194,-0.46896,-0.06606,0.292043,-0.668252,-0.092211,0.334053,-0.827522,-0.126032,0.179506,-0.424679,-0.190915,0.28417,-0.597762,-0.264231,0.331508,-0.728313,-0.301539,0.368862,-0.8479,-0.327681,0.085753,-0.344257,-0.208459,0.055006,-0.578003,-0.295705,0.013057,-0.772524,-0.342499,-0.022696,-0.924494,-0.380519,-0.032065,-0.28156,-0.216469,-0.126475,-0.564086,-0.304905,-0.197408,-0.748285,-0.342649,-0.255334,-0.882782,-0.365322,-0.149827,-0.232625,-0.218511,-0.22114,-0.460932,-0.290689,-0.271208,-0.597508,-0.315373,-0.312175,-0.706834,-0.328501
WHERE,0.0,0.0,0.0,0.113421,-0.202184,-0.023395,0.164934,-0.451195,-0.068121,0.161402,-0.658058,-0.106176,0.138155,-0.793367,-0.155785,0.175402,-0.418551,-0.193697,0.239989,-0.599414,-0.271692,0.258998,-0.741197,-0.312627,0.266602,-0.856461,-0.340195,0.070205,-0.358974,-0.219267,-0.002707,-0.614725,-0.291105,-0.077798,-0.796347,-0.323156,-0.139994,-0.924616,-0.354241,-0.058015,-0.294664,-0.236272,-0.150346,-0.55783,-0.307229,-0.217646,-0.730118,-0.329877,-0.268852,-0.844977,-0.347708,-0.189694,-0.22848,-0.248088,-0.257558,-0.429607,-0.310453,-0.294595,-0.551133,-0.32702,-0.32479,-0.639173,-0.336723
WHERE,0.0,0.0,0.0,0.140344,-0.21352,-0.049066,0.219974,-0.472752,-0.097421,0.255791,-0.674268,-0.129818,0.277007,-0.834694,-0.170892,0.135844,-0.409995,-0.226143,0.167086,-0.587375,-0.303523,0.175092,-0.722157,-0.343081,0.184496,-0.861814,-0.372601,0.013373,-0.336543,-0.230053,-0.082264,-0.559015,-0.323688,-0.154139,-0.730275,-0.381578,-0.208714,-0.8775,-0.431778,-0.112725,-0.282589,-0.221849,-0.244825,-0.532759,-0.306121,-0.320873,-0.702837,-0.34744,-0.376513,-0.830782,-0.377701,-0.221093,-0.239847,-0.208529,-0.295958,-0.445688,-0.268064,-0.320841,-0.564839,-0.293683,-0.338656,-0.667538,-0.313993
WHERE,0.0,0.0,0.0,0.131967,-0.247083,-0.010031,0.205524,-0.534014,-0.039196,0.221602,-0.77207,-0.062443,0.182936,-0.942917,-0.092449,0.189974,-0.476526,-0.15945,0.242148,-0.660202,-0.231846,0.234715,-0.805897,-0.267567,0.215985,-0.932127,-0.29067,0.094428,-0.397499,-0.18567,-0.011183,-0.662694,-0.263861,-0.105298,-0.827389,-0.295477,-0.180978,-0.925757,-0.321554,-0.024552,-0.332662,-0.2044,-0.137365,-0.594181,-0.283343,-0.226607,-0.754153,-0.314363,-0.297243,-0.852923,-0.331196,-0.147565,-0.27276,-0.216444,-0.232029,-0.480026,-0.280573,-0.294603,-0.60703,-0.305881,-0.345839,-0.707601,-0.31993
WHERE,0.0,0.0,0.0,0.077293,-0.213677,-0.010958,0.146762,-0.430139,-0.041456,0.168607,-0.59786,-0.073011,0.161453,-0.728749,-0.112809,0.291351,-0.410501,-0.107451,0.265595,-0.687276,-0.180298,0.20736,-0.842021,-0.230675,0.151439,-0.94518,-0.262806,0.235806,-0.339075,-0.140906,0.203527,-0.642355,-0.201351,0.148946,-0.825886,-0.240319,0.099712,-0.956057,-0.275705,0.141593,-0.278183,-0.17216,0.10514,-0.554182,-0.238405,0.044466,-0.737374,-0.271232,-0.007691,-0.866485,-0.29659,0.023742,-0.237295,-0.200811,-0.032236,-0.449314,-0.268796,-0.079114,-0.590017,-0.2942,-0.118336,-0.699128,-0.31039
WHERE,0.0,0.0,0.0,0.229592,-0.114284,-0.05894,0.348252,-0.368295,-0.099206,0.298695,-0.635645,-0.136428,0.170255,-0.77634,-0.175269,0.186255,-0.753556,-0.0802,0.164593,-0.965743,-0.171874,0.121707,-0.93955,-0.243874,0.074352,-0.8473,-0.280053,0.028406,-0.763103,-0.083236,0.023014,-0.988041,-0.152468,0.008805,-0.969071,-0.192387,-0.012017,-0.871747,-0.213249,-0.115908,-0.719798,-0.0945,-0.110375,-0.941621,-0.155405,-0.108652,-0.941801,-0.166473,-0.116454,-0.875139,-0.164795,-0.250117,-0.63312,-0.109885,-0.246946,-0.827193,-0.150237,-0.217796,-0.849512,-0.145889,-0.191386,-0.819325,-0.133334
WHERE,0.0,0.0,0.0,0.151122,-0.206957,0.039559,0.180509,-0.472615,0.023008,0.10221,-0.670881,-0.005597,-0.014072,-0.774642,-0.043399,0.235548,-0.514156,-0.055424,0.153027,-0.816495,-0.13148,0.026913,-0.944581,-0.177725,-0.054279,-0.978863,-0.197182,0.13654,-0.493309,-0.104849,0.054306,-0.803873,-0.149266,-0.056826,-0.954679,-0.151579,-0.121994,-0.980074,-0.152921,0.005854,-0.469269,-0.151694,-0.065874,-0.777117,-0.196592,-0.151424,-0.915013,-0.185284,-0.194338,-0.93347,-0.170928,-0.145388,-0.440839,-0.192456,-0.204644,-0.702359,-0.231159,-0.238534,-0.816184,-0.217928,-0.25093,-0.842057,-0.198521
WHERE,0.0,0.0,0.0,0.109499,-0.191381,0.015702,0.181905,-0.416468,-0.001263,0.219505,-0.587043,-0.024296,0.224333,-0.698516,-0.059831,0.169179,-0.501814,-0.07897,0.107594,-0.758267,-0.146634,0.036904,-0.876212,-0.196256,-0.030708,-0.952751,-0.223718,0.083424,-0.46078,-0.117322,-0.011186,-0.72158,-0.169208,-0.090299,-0.866677,-0.204366,-0.156099,-0.959713,-0.233633,-0.017794,-0.408384,-0.15093,-0.103004,-0.65984,-0.196499,-0.173327,-0.811499,-0.216061,-0.230092,-0.909097,-0.230683,-0.131092,-0.351616,-0.179848,-0.189546,-0.560648,-0.21516,-0.233671,-0.678547,-0.216482,-0.271501,-0.760868,-0.214707
WHERE,0.0,0.0,0.0,0.122813,-0.197941,-0.017784,0.206237,-0.429514,-0.045451,0.243296,-0.618062,-0.066792,0.260089,-0.766956,-0.097823,0.234614,-0.385435,-0.152946,0.380595,-0.521589,-0.216475,0.431143,-0.658719,-0.249014,0.459652,-0.788416,-0.272096,0.14215,-0.323208,-0.173299,0.121206,-0.610385,-0.244177,0.061396,-0.804157,-0.282431,0.016133,-0.949482,-0.313406,0.022355,-0.281395,-0.184495,-0.050601,-0.577081,-0.253957,-0.123815,-0.73258,-0.277005,-0.172159,-0.83995,-0.289639,-0.09894,-0.254167,-0.190368,-0.16281,-0.467156,-0.247106,-0.20374,-0.570561,-0.258022,-0.226504,-0.6473,-0.259708
WHERE,0.0,0.0,0.0,0.114809,-0.194573,0.008872,0.158145,-0.406906,-0.027133,0.132905,-0.58512,-0.065872,0.072797,-0.712658,-0.117558,0.200049,-0.447068,-0.140803,0.295539,-0.620459,-0.223895,0.351786,-0.74279,-0.275218,0.390139,-0.829809,-0.305583,0.115016,-0.407295,-0.18089,0.053585,-0.68127,-0.252576,-0.025775,-0.842511,-0.282859,-0.09207,-0.947735,-0.305487,-0.004306,-0.356269,-0.212113,-0.091709,-0.618321,-0.279723,-0.168345,-0.761612,-0.288996,-0.224896,-0.854367,-0.291947,-0.138305,-0.296814,-0.236735,-0.202096,-0.484314,-0.285362,-0.235271,-0.565183,-0.278619,-0.256636,-0.620873,-0.267363
WHERE,0.0,0.0,0.0,0.122132,-0.206237,-0.030696,0.185866,-0.474249,-0.061538,0.201281,-0.701465,-0.084133,0.181322,-0.85772,-0.115372,0.126926,-0.418687,-0.142266,0.187122,-0.583996,-0.200872,0.205962,-0.712811,-0.23433,0.212508,-0.824407,-0.259806,0.006744,-0.384143,-0.160653,-0.098789,-0.644139,-0.220504,-0.172271,-0.804896,-0.25681,-0.229288,-0.929561,-0.288694,-0.116493,-0.329962,-0.173539,-0.235931,-0.587468,-0.241717,-0.29205,-0.75672,-0.27356,-0.33398,-0.891728,-0.296973,-0.217103,-0.261559,-0.181625,-0.279071,-0.446797,-0.238819,-0.292168,-0.533554,-0.251704,-0.296403,-0.602222,-0.26025
WHERE,0.0,0.0,0.0,0.115198,-0.224272,-0.022106,0.194495,-0.482202,-0.056635,0.219293,-0.690642,-0.084543,0.205892,-0.835282,-0.121067,0.161566,-0.409986,-0.172698,0.227322,-0.593541,-0.239648,0.227913,-0.72985,-0.269983,0.213982,-0.844838,-0.29191,0.04395,-0.348716,-0.196177,-0.055132,-0.610091,-0.271384,-0.13634,-0.786418,-0.309385,-0.201154,-0.917494,-0.343136,-0.086091,-0.289685,-0.211835,-0.206228,-0.554743,-0.290963,-0.270298,-0.738855,-0.325358,-0.31712,-0.877254,-0.349128,-0.206392,-0.233427,-0.221189,-0.276087,-0.451533,-0.289585,-0.30372,-0.596262,-0.317181,-0.322116,-0.720132,-0.335747
WHERE,0.0,0.0,0.0,0.110358,-0.210086,-0.030574,0.19695,-0.46493,-0.06074,0.252166,-0.660934,-0.085252,0.283055,-0.81072,-0.119369,0.183809,-0.434459,-0.156513,0.272188,-0.583096,-0.231355,0.310504,-0.713411,-0.27684,0.328793,-0.832104,-0.308274,0.095455,-0.368758,-0.176615,0.043668,-0.606739,-0.253788,-0.027434,-0.795337,-0.295085,-0.093631,-0.939384,-0.329836,-0.019095,-0.307714,-0.191694,-0.103515,-0.552815,-0.269145,-0.18202,-0.711705,-0.297843,-0.246357,-0.830669,-0.316173,-0.136868,-0.252192,-0.203557,-0.208194,-0.42929,-0.270594,-0.260419,-0.536719,-0.290262,-0.301689,-0.625737,-0.299463
WHERE,0.0,0.0,0.0,0.107871,-0.193143,-0.042043,0.187012,-0.427263,-0.083654,0.245963,-0.602558,-0.112842,0.286725,-0.745793,-0.150188,0.19564,-0.400753,-0.196749,0.295256,-0.545178,-0.277208,0.34299,-0.677204,-0.322942,0.373544,-0.789287,-0.355501,0.102161,-0.343378,-0.211032,0.063849,-0.572599,-0.305619,0.002531,-0.77066,-0.357051,-0.049037,-0.916353,-0.397356,-0.012751,-0.289431,-0.216466,-0.09468,-0.524303,-0.304844,-0.155137,-0.677278,-0.334694,-0.199606,-0.785893,-0.353187,-0.130144,-0.245511,-0.218465,-0.230117,-0.41229,-0.295909,-0.286705,-0.521503,-0.319407,-0.324107,-0.616846,-0.330088
WHERE,0.0,0.0,0.0,0.114525,-0.276311,-0.034362,0.202219,-0.560151,-0.075424,0.253678,-0.794969,-0.108312,0.300505,-0.942047,-0.149144,0.161742,-0.424014,-0.180346,0.259671,-0.595685,-0.255489,0.281567,-0.753289,-0.292991,0.286745,-0.878362,-0.318226,0.057022,-0.324282,-0.196614,-0.040538,-0.581094,-0.273726,-0.116784,-0.782114,-0.312727,-0.178659,-0.916296,-0.349892,-0.066912,-0.244545,-0.206222,-0.200661,-0.506153,-0.289963,-0.275758,-0.692151,-0.323482,-0.335986,-0.813431,-0.3458,-0.193218,-0.18196,-0.210623,-0.279947,-0.401027,-0.282808,-0.330014,-0.54847,-0.30963,-0.370123,-0.659139,-0.32639
WHERE,0.0,0.0,0.0,0.119572,-0.256002,-0.032163,0.207269,-0.534643,-0.066553,0.249963,-0.758519,-0.092984,0.267145,-0.903346,-0.128029,0.160907,-0.435562,-0.174484,0.245482,-0.605523,-0.240413,0.261956,-0.745971,-0.273608,0.261995,-0.867523,-0.298528,0.050033,-0.343002,-0.191666,-0.050149,-0.599708,-0.25966,-0.140096,-0.783473,-0.298863,-0.214593,-0.91626,-0.338257,-0.075456,-0.261894,-0.201635,-0.197166,-0.516384,-0.277486,-0.283689,-0.703878,-0.313769,-0.355008,-0.840735,-0.341617,-0.196011,-0.19316,-0.206427,-0.289315,-0.407665,-0.276815,-0.349587,-0.554016,-0.306227,-0.398666,-0.671195,-0.32631
WHERE,0.0,0.0,0.0,0.075896,-0.241453,-0.032691,0.158769,-0.460554,-0.069121,0.221171,-0.628097,-0.102971,0.262633,-0.770484,-0.142889,0.240021,-0.41266,-0.145455,0.356553,-0.560723,-0.231269,0.420716,-0.696097,-0.291457,0.469209,-0.816688,-0.335952,0.190934,-0.35653,-0.179889,0.238301,-0.547446,-0.275824,0.226183,-0.731254,-0.33284,0.203579,-0.875753,-0.374876,0.102134,-0.29296,-0.211261,0.08048,-0.493472,-0.311578,0.014446,-0.656201,-0.35732,-0.045849,-0.782296,-0.384942,-0.017807,-0.239046,-0.241117,-0.098441,-0.386168,-0.335906,-0.172159,-0.515814,-0.372797,-0.232,-0.620198,-0.392792
WHERE,0.0,0.0,0.0,0.105588,-0.192868,-0.043327,0.177741,-0.413911,-0.099282,0.214618,-0.59273,-0.147754,0.26322,-0.750611,-0.203215,0.258234,-0.343504,-0.215252,0.40215,-0.483856,-0.311447,0.477073,-0.622026,-0.36972,0.54313,-0.72999,-0.414879,0.178633,-0.301393,-0.252299,0.273549,-0.416933,-0.372808,0.299094,-0.590609,-0.444818,0.316921,-0.729001,-0.497318,0.067322,-0.242863,-0.281202,0.045615,-0.406966,-0.411821,-0.00121,-0.564505,-0.477641,-0.041337,-0.684598,-0.515813,-0.064395,-0.194297,-0.304502,-0.174237,-0.333976,-0.42349,-0.246222,-0.452503,-0.472437,-0.297198,-0.549611,-0.50065
WHERE,0.0,0.0,0.0,0.1119,-0.188266,-0.028,0.170389,-0.404249,-0.078082,0.223256,-0.580896,-0.11785,0.271836,-0.732246,-0.166304,0.172302,-0.37977,-0.233606,0.28163,-0.562691,-0.335308,0.346735,-0.701741,-0.391137,0.402304,-0.80848,-0.429548,0.087184,-0.337321,-0.268527,0.127501,-0.527833,-0.390839,0.11601,-0.70602,-0.45378,0.0998,-0.833741,-0.499399,-0.023679,-0.278406,-0.291525,-0.072473,-0.466652,-0.407827,-0.107823,-0.626362,-0.45708,-0.139211,-0.747312,-0.487799,-0.148563,-0.218783,-0.307548,-0.263568,-0.351764,-0.410038,-0.325463,-0.442187,-0.447841,-0.373463,-0.520974,-0.468987
WHERE,0.0,0.0,0.0,0.147526,-0.208081,-0.04637,0.244645,-0.470871,-0.088182,0.321849,-0.675563,-0.114751,0.369375,-0.827802,-0.147314,0.197425,-0.418694,-0.206883,0.304515,-0.579713,-0.288083,0.377778,-0.713133,-0.335123,0.441853,-0.818326,-0.36757,0.084552,-0.357846,-0.218328,0.091352,-0.542067,-0.304736,0.07873,-0.728215,-0.351687,0.064184,-0.862559,-0.390527,-0.040728,-0.306857,-0.222096,-0.103836,-0.508332,-0.313434,-0.134375,-0.674825,-0.358667,-0.160062,-0.801394,-0.389866,-0.16208,-0.262619,-0.221712,-0.2798,-0.409657,-0.30948,-0.35501,-0.51322,-0.34576,-0.407617,-0.598759,-0.366483
WHERE,0.0,0.0,0.0,0.114545,-0.215424,-0.022518,0.197688,-0.454128,-0.064801,0.25841,-0.626455,-0.102043,0.319261,-0.752352,-0.143576,0.263536,-0.37621,-0.181954,0.395142,-0.527969,-0.276807,0.480231,-0.642395,-0.335115,0.558055,-0.738637,-0.378139,0.184645,-0.340759,-0.219832,0.245979,-0.501781,-0.334495,0.269277,-0.65356,-0.397122,0.288044,-0.778749,-0.441911,0.077438,-0.303257,-0.249636,0.074265,-0.47951,-0.361695,0.066527,-0.622361,-0.414287,0.059208,-0.741519,-0.446741,-0.047666,-0.277824,-0.274471,-0.117617,-0.422967,-0.372481,-0.170199,-0.526728,-0.412438,-0.208507,-0.616792,-0.436718
WHERE,0.0,0.0,0.0,0.120674,-0.196738,-0.031108,0.213541,-0.416041,-0.079668,0.283101,-0.585873,-0.119171,0.348155,-0.728495,-0.162929,0.269865,-0.333347,-0.204036,0.417975,-0.490737,-0.292675,0.511679,-0.611716,-0.344124,0.596397,-0.705244,-0.38333,0.193317,-0.32385,-0.235074,0.295296,-0.468738,-0.343235,0.341919,-0.608477,-0.402266,0.371471,-0.710884,-0.445056,0.086209,-0.300761,-0.256435,0.091036,-0.494006,-0.362296,0.094067,-0.650589,-0.415812,0.090048,-0.768568,-0.451388,-0.040004,-0.282007,-0.273038,-0.117501,-0.440073,-0.369114,-0.169282,-0.561192,-0.410581,-0.208215,-0.660798,-0.437601
WHERE,0.0,0.0,0.0,0.16627,-0.237744,-0.073255,0.302363,-0.509885,-0.123076,0.396376,-0.723727,-0.158225,0.464791,-0.862533,-0.200016,0.198609,-0.389519,-0.224214,0.29233,-0.554636,-0.304216,0.349199,-0.681335,-0.355634,0.402144,-0.807367,-0.396645,0.033363,-0.354896,-0.225275,0.006586,-0.523297,-0.318224,-0.008622,-0.686634,-0.37959,-0.019939,-0.829274,-0.43571,-0.1226,-0.337887,-0.220695,-0.206036,-0.546154,-0.317734,-0.235296,-0.701733,-0.370741,-0.260787,-0.836223,-0.411346,-0.253489,-0.323421,-0.215788,-0.366623,-0.516764,-0.300445,-0.441544,-0.655959,-0.343391,-0.497511,-0.780007,-0.376078
WHERE,0.0,0.0,0.0,0.139527,-0.137383,-0.037197,0.220334,-0.31634,-0.094274,0.264175,-0.478376,-0.137585,0.280272,-0.628049,-0.187149,0.244823,-0.331619,-0.228495,0.389901,-0.482458,-0.322806,0.483795,-0.617814,-0.374923,0.559631,-0.720578,-0.409366,0.138775,-0.347318,-0.245476,0.27199,-0.46569,-0.353719,0.364824,-0.611129,-0.407285,0.439497,-0.718458,-0.445473,0.015911,-0.336813,-0.250648,0.017404,-0.50687,-0.340672,0.013583,-0.666853,-0.36765,0.014245,-0.788084,-0.384115,-0.112243,-0.313762,-0.251272,-0.189771,-0.452687,-0.329391,-0.244444,-0.547629,-0.347747,-0.283115,-0.641658,-0.354774
WHERE,0.0,0.0,0.0,0.12082,-0.191645,-0.016265,0.193318,-0.399582,-0.06954,0.245597,-0.561661,-0.115322,0.295625,-0.713829,-0.167406,0.240765,-0.360648,-0.216028,0.393843,-0.501963,-0.315535,0.484112,-0.621916,-0.372544,0.562381,-0.71629,-0.413106,0.159753,-0.358602,-0.251274,0.276248,-0.49435,-0.351063,0.33,-0.629564,-0.395034,0.382802,-0.730655,-0.42981,0.045554,-0.341854,-0.276413,0.040701,-0.536383,-0.373231,0.035627,-0.689459,-0.409247,0.040814,-0.800654,-0.434033,-0.081939,-0.316932,-0.295434,-0.174748,-0.488361,-0.390745,-0.227063,-0.604754,-0.428381,-0.259188,-0.703999,-0.450491
WHERE,0.0,0.0,0.0,0.127412,-0.269252,-0.061642,0.215051,-0.555656,-0.102899,0.291476,-0.77356,-0.128835,0.340278,-0.926746,-0.159228,0.200959,-0.404055,-0.202937,0.329413,-0.535549,-0.283181,0.397887,-0.659358,-0.33205,0.4498,-0.781795,-0.369891,0.077535,-0.355052,-0.207517,0.079825,-0.486793,-0.301635,0.062689,-0.625524,-0.356521,0.043673,-0.749345,-0.402563,-0.060815,-0.316793,-0.206221,-0.134962,-0.497162,-0.301728,-0.180532,-0.649693,-0.344785,-0.220895,-0.780996,-0.374276,-0.196784,-0.281155,-0.203212,-0.291143,-0.44201,-0.28918,-0.357957,-0.559772,-0.324613,-0.408113,-0.662737,-0.345698
WHERE,0.0,0.0,0.0,0.090027,-0.270948,-0.057475,0.139796,-0.573348,-0.096489,0.172093,-0.802114,-0.121873,0.219765,-0.964396,-0.147116,0.216568,-0.395088,-0.152366,0.353156,-0.474952,-0.213923,0.403578,-0.612745,-0.243435,0.440186,-0.734509,-0.269147,0.108681,-0.353297,-0.158378,0.107977,-0.531614,-0.24583,0.099536,-0.637374,-0.287646,0.10374,-0.698023,-0.317455,-0.022578,-0.319826,-0.162117,-0.111835,-0.529463,-0.261663,-0.142292,-0.63547,-0.298294,-0.154172,-0.710472,-0.314565,-0.154657,-0.289753,-0.163521,-0.26781,-0.472351,-0.248897,-0.331436,-0.594836,-0.283783,-0.368739,-0.698863,-0.302554
WHERE,0.0,0.0,0.0,0.075058,-0.291526,-0.045645,0.115447,-0.59904,-0.091672,0.12676,-0.804763,-0.12514,0.158157,-0.97393,-0.162626,0.240971,-0.408494,-0.202971,0.373085,-0.52987,-0.285782,0.452841,-0.649552,-0.335321,0.515418,-0.770763,-0.372149,0.145034,-0.34123,-0.216456,0.163487,-0.493215,-0.311633,0.17184,-0.641142,-0.365859,0.17498,-0.770403,-0.412428,0.018357,-0.303074,-0.222617,-0.037704,-0.505845,-0.31462,-0.058478,-0.651138,-0.357328,-0.078758,-0.775007,-0.386117,-0.123019,-0.285684,-0.224894,-0.211131,-0.502227,-0.301225,-0.267109,-0.634127,-0.333518,-0.308527,-0.745534,-0.355922
WHERE,0.0,0.0,0.0,0.082844,-0.258954,-0.08084,0.145478,-0.54563,-0.145323,0.179024,-0.75881,-0.202263,0.248555,-0.934394,-0.255201,0.271033,-0.400797,-0.180692,0.438862,-0.466236,-0.292628,0.531014,-0.584733,-0.357873,0.599822,-0.68215,-0.400569,0.226167,-0.311834,-0.197047,0.377147,-0.379124,-0.310319,0.460027,-0.529845,-0.359201,0.533228,-0.65621,-0.389568,0.128784,-0.22831,-0.217738,0.118783,-0.431486,-0.337851,0.079186,-0.477806,-0.343769,0.079193,-0.467166,-0.326879,0.001046,-0.167415,-0.242224,-0.064225,-0.365211,-0.341622,-0.093258,-0.436993,-0.355647,-0.086603,-0.438893,-0.349856
WHERE,0.0,0.0,0.0,0.085227,-0.274072,-0.067734,0.11602,-0.574291,-0.106759,0.10416,-0.803034,-0.131421,0.113875,-0.98086,-0.157946,0.193563,-0.399323,-0.163318,0.306903,-0.507456,-0.238385,0.354576,-0.628908,-0.287471,0.388642,-0.754103,-0.326245,0.074973,-0.333074,-0.163376,0.053926,-0.468064,-0.254178,0.029821,-0.592373,-0.315178,0.01916,-0.707419,-0.363489,-0.051703,-0.275009,-0.160278,-0.140429,-0.456576,-0.250338,-0.192845,-0.591805,-0.291449,-0.230081,-0.713234,-0.316689,-0.17575,-0.227088,-0.157011,-0.274587,-0.384263,-0.233767,-0.336572,-0.489691,-0.263703,-0.375172,-0.5894,-0.279978
WHERE,0.0,0.0,0.0,0.081429,-0.231083,-0.039732,0.122306,-0.527242,-0.07787,0.135183,-0.754862,-0.109098,0.176416,-0.908244,-0.14219,0.279028,-0.363591,-0.122087,0.439377,-0.487641,-0.184037,0.519526,-0.651988,-0.215146,0.575276,-0.781401,-0.241805,0.196404,-0.349813,-0.146069,0.273173,-0.636285,-0.235676,0.220046,-0.759577,-0.274468,0.165418,-0.795673,-0.288857,0.074968,-0.326105,-0.168065,0.062697,-0.603411,-0.262229,0.021554,-0.732359,-0.302779,-0.012972,-0.802117,-0.315974,-0.061739,-0.291898,-0.186437,-0.153213,-0.49704,-0.275791,-0.225947,-0.61704,-0.316292,-0.276396,-0.700368,-0.334212
WHERE,0.0,0.0,0.0,0.118847,-0.198308,-0.035926,0.194288,-0.448491,-0.074514,0.215864,-0.65005,-0.105091,0.247413,-0.80474,-0.139703,0.278997,-0.351531,-0.169699,0.420446,-0.510231,-0.249208,0.491279,-0.651233,-0.292445,0.549217,-0.770251,-0.324151,0.19385,-0.315086,-0.194989,0.265572,-0.46731,-0.298873,0.274251,-0.653756,-0.35252,0.276906,-0.798913,-0.388363,0.083534,-0.281349,-0.215111,0.086541,-0.46695,-0.322117,0.077446,-0.630018,-0.376968,0.073054,-0.761332,-0.407665,-0.044336,-0.269401,-0.230665,-0.107734,-0.437618,-0.32815,-0.158171,-0.559419,-0.369869,-0.187742,-0.657287,-0.392176
WHERE,0.0,0.0,0.0,0.10658,-0.212214,-0.032303,0.165711,-0.486438,-0.063864,0.181682,-0.710185,-0.083482,0.174296,-0.88238,-0.109949,0.128464,-0.423751,-0.190706,0.178547,-0.639419,-0.257459,0.185315,-0.794789,-0.285404,0.182122,-0.927293,-0.303529,0.019421,-0.357394,-0.200458,-0.036855,-0.586948,-0.274842,-0.092309,-0.777956,-0.309365,-0.142147,-0.923852,-0.338534,-0.107497,-0.304058,-0.201588,-0.22437,-0.561991,-0.270734,-0.297252,-0.746689,-0.299546,-0.356459,-0.878324,-0.318565,-0.226776,-0.256026,-0.198131,-0.311708,-0.491093,-0.258247,-0.358751,-0.641007,-0.282674,-0.394104,-0.759646,-0.296351
WHERE,0.0,0.0,0.0,0.110444,-0.180156,0.014908,0.137676,-0.384913,-0.001698,0.091721,-0.52914,-0.022294,0.022951,-0.625835,-0.053935,0.166362,-0.441253,-0.094308,0.218414,-0.664523,-0.140145,0.236914,-0.81833,-0.165837,0.247392,-0.951057,-0.185172,0.063051,-0.408477,-0.129613,0.003462,-0.668497,-0.177988,-0.048659,-0.832056,-0.208067,-0.083714,-0.963256,-0.233498,-0.053816,-0.35859,-0.155847,-0.144522,-0.606219,-0.203689,-0.208482,-0.764713,-0.22935,-0.252392,-0.892578,-0.247349,-0.167041,-0.296847,-0.1758,-0.234834,-0.481052,-0.218827,-0.27746,-0.589766,-0.230256,-0.307341,-0.683141,-0.234782
WHERE,0.0,0.0,0.0,0.108921,-0.165692,0.014823,0.15331,-0.359016,-0.006638,0.124973,-0.499642,-0.029492,0.065447,-0.594195,-0.06252,0.184175,-0.402388,-0.11033,0.255376,-0.64748,-0.155801,0.281094,-0.80408,-0.177652,0.295159,-0.935737,-0.193074,0.081599,-0.37458,-0.143269,0.053612,-0.654004,-0.193844,0.017043,-0.822529,-0.222971,-0.010304,-0.951755,-0.245693,-0.034203,-0.338711,-0.164965,-0.115392,-0.607941,-0.214346,-0.180679,-0.760488,-0.239068,-0.226175,-0.874308,-0.254307,-0.143777,-0.295668,-0.179182,-0.196125,-0.474483,-0.217397,-0.22513,-0.552798,-0.222509,-0.24167,-0.615276,-0.222231
WHERE,0.0,0.0,0.0,0.121968,-0.164447,0.002006,0.174355,-0.366161,-0.022214,0.151455,-0.531933,-0.046432,0.078984,-0.64068,-0.083093,0.166734,-0.410805,-0.121481,0.219261,-0.626429,-0.168105,0.232762,-0.767731,-0.193221,0.229657,-0.889775,-0.21373,0.059681,-0.38813,-0.152506,-0.016583,-0.646209,-0.20569,-0.077772,-0.81678,-0.239902,-0.132198,-0.953195,-0.271925,-0.062589,-0.34895,-0.174272,-0.127378,-0.595852,-0.23018,-0.167514,-0.768509,-0.259794,-0.204804,-0.907876,-0.283214,-0.183054,-0.301263,-0.188731,-0.22957,-0.495716,-0.237957,-0.249413,-0.603886,-0.250537,-0.266312,-0.698101,-0.258602
WHERE,0.0,0.0,0.0,0.119925,-0.181025,0.00932,0.169377,-0.384508,-0.023439,0.151078,-0.558412,-0.056165,0.089722,-0.673933,-0.102902,0.16222,-0.423257,-0.146409,0.173457,-0.663814,-0.209357,0.163263,-0.823329,-0.244026,0.142034,-0.953082,-0.267322,0.054826,-0.380048,-0.184929,-0.033078,-0.639672,-0.243438,-0.100612,-0.808647,-0.270579,-0.15838,-0.930517,-0.295986,-0.066213,-0.326376,-0.213269,-0.147092,-0.577859,-0.268672,-0.192588,-0.739814,-0.287713,-0.227188,-0.859114,-0.303661,-0.184275,-0.259666,-0.234413,-0.241746,-0.445305,-0.282305,-0.260652,-0.541326,-0.288139,-0.272319,-0.615602,-0.290135
WHERE,0.0,0.0,0.0,0.098595,-0.171129,-0.01055,0.16821,-0.400137,-0.031456,0.200174,-0.579632,-0.048094,0.238561,-0.70104,-0.070235,0.224032,-0.380131,-0.125418,0.303926,-0.604758,-0.181726,0.349182,-0.758855,-0.212564,0.384597,-0.885742,-0.235972,0.151455,-0.353382,-0.150566,0.153421,-0.61285,-0.22167,0.136718,-0.803666,-0.261837,0.116194,-0.949632,-0.291028,0.052479,-0.322066,-0.16764,0.007319,-0.570564,-0.242042,-0.04114,-0.720791,-0.27967,-0.083908,-0.834359,-0.300832,-0.058712,-0.292456,-0.179868,-0.137173,-0.450205,-0.248898,-0.187967,-0.549094,-0.278064,-0.228448,-0.636936,-0.29226
WHERE,0.0,0.0,0.0,0.131288,-0.182835,-0.003168,0.197732,-0.396024,-0.028805,0.192107,-0.569699,-0.052675,0.136803,-0.685834,-0.089913,0.17105,-0.424153,-0.129155,0.21083,-0.658836,-0.179665,0.218808,-0.819726,-0.208405,0.214595,-0.9493,-0.229736,0.061282,-0.375076,-0.156511,-0.021421,-0.638235,-0.212059,-0.077237,-0.811671,-0.244833,-0.116545,-0.946367,-0.273763,-0.059121,-0.321676,-0.174103,-0.159227,-0.570989,-0.222915,-0.216079,-0.738962,-0.244787,-0.252214,-0.872922,-0.263759,-0.173108,-0.264642,-0.186861,-0.239243,-0.440457,-0.226081,-0.273337,-0.548033,-0.232556,-0.295788,-0.640344,-0.236577
WHERE,0.0,0.0,0.0,0.130587,-0.180593,0.002996,0.186029,-0.388044,-0.021241,0.175923,-0.56029,-0.047147,0.117128,-0.681511,-0.087107,0.183316,-0.437275,-0.112075,0.202363,-0.665413,-0.164451,0.194398,-0.825675,-0.197289,0.180206,-0.954226,-0.221371,0.080216,-0.395483,-0.14513,-0.008464,-0.658651,-0.196407,-0.076965,-0.831308,-0.225201,-0.12443,-0.959696,-0.251995,-0.040936,-0.345098,-0.17065,-0.135087,-0.589499,-0.218148,-0.194863,-0.743959,-0.239166,-0.232962,-0.86245,-0.257812,-0.162943,-0.286416,-0.191757,-0.235452,-0.444345,-0.233905,-0.276297,-0.546688,-0.243201,-0.30672,-0.632157,-0.248854
WHERE,0.0,0.0,0.0,0.102792,-0.169912,-1.3e-05,0.149714,-0.383861,-0.020246,0.158938,-0.556068,-0.042388,0.148281,-0.692847,-0.073677,0.187488,-0.432121,-0.105346,0.238945,-0.65028,-0.161077,0.269464,-0.803287,-0.195812,0.289133,-0.930963,-0.221909,0.121041,-0.407884,-0.139204,0.073134,-0.668211,-0.199788,0.029439,-0.835795,-0.235489,-0.010946,-0.964435,-0.264092,0.024501,-0.366961,-0.166792,-0.051614,-0.59959,-0.230868,-0.115227,-0.739776,-0.265692,-0.172475,-0.848513,-0.289218,-0.087311,-0.313458,-0.189894,-0.177963,-0.447774,-0.252983,-0.236032,-0.537987,-0.279681,-0.288582,-0.617719,-0.294108
WHERE,0.0,0.0,0.0,0.095029,-0.177746,-0.019828,0.153658,-0.398554,-0.052374,0.184368,-0.569249,-0.076908,0.213477,-0.689484,-0.107205,0.212293,-0.37678,-0.161908,0.282875,-0.595481,-0.235213,0.312255,-0.760076,-0.278413,0.336906,-0.889251,-0.309399,0.13462,-0.33474,-0.184809,0.13479,-0.582715,-0.278112,0.108477,-0.780657,-0.330539,0.086204,-0.920906,-0.368512,0.033319,-0.290283,-0.197955,-0.007963,-0.537423,-0.287235,-0.057249,-0.696213,-0.328347,-0.095482,-0.806251,-0.351963,-0.076177,-0.25318,-0.205799,-0.149512,-0.42411,-0.284443,-0.198621,-0.525534,-0.314538,-0.232764,-0.613044,-0.329769
WHERE,0.0,0.0,0.0,0.108021,-0.168641,-0.007531,0.155198,-0.388808,-0.034081,0.143669,-0.572367,-0.061498,0.102467,-0.711497,-0.099938,0.183034,-0.442806,-0.119597,0.226662,-0.654064,-0.184631,0.25815,-0.797517,-0.229697,0.283413,-0.914574,-0.26137,0.099625,-0.418741,-0.149603,0.058874,-0.671182,-0.209917,0.028702,-0.83012,-0.253223,0.000352,-0.957254,-0.289249,-0.006048,-0.370908,-0.172937,-0.080435,-0.610649,-0.237369,-0.137646,-0.747314,-0.273161,-0.188647,-0.851928,-0.297947,-0.120057,-0.306874,-0.191498,-0.19552,-0.464452,-0.251584,-0.242951,-0.549072,-0.273317,-0.28743,-0.620743,-0.285278
WHERE,0.0,0.0,0.0,0.12991,-0.186513,-0.004621,0.199095,-0.403898,-0.025034,0.207431,-0.580437,-0.043927,0.169261,-0.705872,-0.073732,0.161838,-0.434555,-0.107506,0.194937,-0.675247,-0.149726,0.19164,-0.835792,-0.173808,0.180307,-0.964526,-0.19282,0.054893,-0.387635,-0.130625,-0.028178,-0.650405,-0.179502,-0.084772,-0.821941,-0.212075,-0.126552,-0.954735,-0.241715,-0.061285,-0.336772,-0.14559,-0.158906,-0.58251,-0.191453,-0.21562,-0.74321,-0.216964,-0.254478,-0.869896,-0.238422,-0.169685,-0.282788,-0.156032,-0.236443,-0.455679,-0.19382,-0.273878,-0.560322,-0.204093,-0.300851,-0.649763,-0.211112
WHERE,0.0,0.0,0.0,0.121562,-0.195889,0.013412,0.164776,-0.414701,-0.003513,0.134392,-0.577609,-0.025504,0.06059,-0.675606,-0.059809,0.158018,-0.458808,-0.083503,0.19294,-0.668285,-0.12724,0.19935,-0.813328,-0.154213,0.19149,-0.935487,-0.175348,0.054413,-0.421846,-0.120575,-0.033077,-0.672626,-0.166704,-0.095976,-0.831631,-0.197789,-0.144166,-0.963308,-0.226393,-0.066297,-0.366686,-0.150092,-0.153337,-0.605429,-0.199597,-0.21188,-0.76752,-0.225438,-0.256933,-0.904118,-0.245526,-0.184814,-0.298244,-0.173198,-0.255589,-0.480728,-0.215946,-0.297593,-0.590502,-0.225146,-0.330155,-0.684937,-0.230054
WHERE,0.0,0.0,0.0,0.102719,-0.16305,0.003959,0.150357,-0.369423,-0.016627,0.156335,-0.545896,-0.041064,0.135633,-0.681319,-0.074726,0.184905,-0.425203,-0.099757,0.241699,-0.647317,-0.155917,0.272522,-0.802686,-0.191014,0.290944,-0.925183,-0.215783,0.117365,-0.401677,-0.134472,0.079693,-0.668085,-0.19029,0.046463,-0.840403,-0.224087,0.009764,-0.967823,-0.251444,0.020366,-0.354669,-0.162594,-0.049944,-0.593857,-0.22078,-0.113686,-0.741598,-0.250392,-0.174845,-0.855149,-0.270705,-0.091603,-0.29297,-0.186118,-0.163957,-0.436866,-0.244222,-0.221142,-0.531885,-0.264615,-0.279399,-0.617985,-0.274167
WHERE,0.0,0.0,0.0,0.108779,-0.15878,-0.009849,0.164683,-0.375086,-0.034547,0.175611,-0.560578,-0.054393,0.183337,-0.686699,-0.081445,0.206652,-0.379136,-0.133696,0.273765,-0.615815,-0.198034,0.296902,-0.786618,-0.234532,0.309269,-0.914852,-0.259613,0.120346,-0.34871,-0.159928,0.115738,-0.612834,-0.236577,0.086992,-0.806146,-0.282825,0.067337,-0.942338,-0.315842,0.017717,-0.305095,-0.177111,-0.019719,-0.545096,-0.252461,-0.072586,-0.69668,-0.291173,-0.110832,-0.808527,-0.313374,-0.095397,-0.265075,-0.188628,-0.168586,-0.429382,-0.256924,-0.219455,-0.526355,-0.282009,-0.251647,-0.610245,-0.293181
WHERE,0.0,0.0,0.0,0.131743,-0.191486,0.013932,0.189573,-0.399644,-0.008256,0.177023,-0.576111,-0.034812,0.112544,-0.706741,-0.074426,0.172351,-0.438988,-0.100509,0.192364,-0.67116,-0.153397,0.188144,-0.832914,-0.186416,0.176327,-0.961669,-0.210005,0.070304,-0.39385,-0.136678,-0.016128,-0.657374,-0.188855,-0.078762,-0.82084,-0.217426,-0.129121,-0.934795,-0.243681,-0.046005,-0.340373,-0.164607,-0.137825,-0.600575,-0.215708,-0.197984,-0.748757,-0.233932,-0.243625,-0.852861,-0.248296,-0.158866,-0.278694,-0.186704,-0.232128,-0.463959,-0.233101,-0.272025,-0.564541,-0.242023,-0.301782,-0.641438,-0.245279
WHERE,0.0,0.0,0.0,0.124982,-0.196267,0.007305,0.177509,-0.415038,-0.011675,0.1603,-0.591547,-0.032908,0.100171,-0.710183,-0.066012,0.166456,-0.451056,-0.095552,0.183307,-0.683405,-0.139129,0.173799,-0.840847,-0.165437,0.160204,-0.969442,-0.185784,0.067674,-0.39962,-0.126273,-0.026299,-0.655922,-0.171442,-0.08767,-0.821868,-0.199247,-0.129933,-0.953555,-0.226309,-0.047857,-0.342689,-0.149399,-0.143829,-0.592002,-0.194341,-0.205786,-0.749576,-0.216751,-0.251447,-0.875702,-0.235834,-0.161771,-0.28022,-0.167237,-0.236486,-0.456673,-0.207261,-0.281157,-0.561197,-0.217431,-0.316538,-0.650192,-0.223538
WHERE,0.0,0.0,0.0,0.09922,-0.173909,0.014655,0.142512,-0.375257,0.002174,0.141168,-0.533246,-0.015409,0.110018,-0.653388,-0.040984,0.190768,-0.441317,-0.077943,0.230788,-0.667658,-0.121387,0.250149,-0.82453,-0.14945,0.259709,-0.950471,-0.170753,0.118033,-0.422018,-0.112632,0.074573,-0.682817,-0.153822,0.036643,-0.849119,-0.183071,-0.003038,-0.972423,-0.209521,0.019252,-0.376784,-0.140006,-0.049386,-0.611391,-0.18581,-0.117124,-0.752167,-0.215108,-0.181208,-0.856278,-0.237436,-0.092725,-0.313463,-0.162316,-0.172147,-0.459995,-0.212175,-0.231444,-0.551691,-0.233259,-0.290265,-0.62916,-0.24486
WHERE,0.0,0.0,0.0,0.08789,-0.174759,-0.02609,0.137389,-0.391573,-0.061641,0.16369,-0.568856,-0.089206,0.18926,-0.697482,-0.124246,0.200534,-0.367325,-0.164875,0.255233,-0.601309,-0.243291,0.276146,-0.771547,-0.290858,0.290418,-0.901029,-0.322185,0.122484,-0.319099,-0.186114,0.115842,-0.567045,-0.273798,0.084305,-0.765935,-0.324325,0.06088,-0.906325,-0.361086,0.023411,-0.263745,-0.198888,-0.0175,-0.490591,-0.285471,-0.06945,-0.65692,-0.326325,-0.108109,-0.776405,-0.349744,-0.086274,-0.219527,-0.206891,-0.165191,-0.383505,-0.281432,-0.216722,-0.485275,-0.30613,-0.25042,-0.569002,-0.317523
WHERE,0.0,0.0,0.0,0.095647,-0.185544,0.001494,0.146981,-0.398202,-0.016368,0.160893,-0.571366,-0.036609,0.144174,-0.707979,-0.06519,0.187149,-0.441515,-0.099409,0.237114,-0.656101,-0.154596,0.262191,-0.810035,-0.192127,0.277167,-0.93552,-0.219048,0.122303,-0.404434,-0.131475,0.093893,-0.64731,-0.182543,0.064106,-0.819894,-0.220896,0.028646,-0.956125,-0.25429,0.025281,-0.350351,-0.156787,-0.035504,-0.578565,-0.215062,-0.095994,-0.726829,-0.251199,-0.155584,-0.842102,-0.277438,-0.090291,-0.287626,-0.177,-0.165995,-0.437263,-0.23534,-0.221641,-0.531118,-0.258639,-0.278072,-0.612264,-0.272003
WHERE,0.0,0.0,0.0,0.10982,-0.162664,-0.011758,0.155476,-0.356161,-0.044048,0.119463,-0.518028,-0.072343,0.046583,-0.61542,-0.113326,0.164249,-0.398444,-0.140778,0.19735,-0.646761,-0.200216,0.183032,-0.823245,-0.233531,0.159193,-0.954027,-0.253947,0.068026,-0.342818,-0.161975,-0.003867,-0.621369,-0.223556,-0.069872,-0.803351,-0.254676,-0.114971,-0.932469,-0.27862,-0.044891,-0.286055,-0.174179,-0.143299,-0.538883,-0.228808,-0.208918,-0.699015,-0.250263,-0.250774,-0.81573,-0.263226,-0.161708,-0.238254,-0.181704,-0.238872,-0.433143,-0.225786,-0.28504,-0.545137,-0.232148,-0.316222,-0.635414,-0.232217
WHERE,0.0,0.0,0.0,0.093483,-0.1799,-0.006474,0.125986,-0.406559,-0.031076,0.097802,-0.591866,-0.057204,0.032475,-0.721782,-0.092493,0.171741,-0.460813,-0.09931,0.193016,-0.681099,-0.152804,0.194582,-0.831006,-0.19069,0.191813,-0.956647,-0.219169,0.107299,-0.427689,-0.127862,0.047148,-0.682828,-0.17337,-0.003847,-0.830632,-0.203598,-0.052227,-0.941597,-0.232162,0.011272,-0.372763,-0.151653,-0.064047,-0.604556,-0.201844,-0.131103,-0.735631,-0.228832,-0.19693,-0.830715,-0.250274,-0.104832,-0.304352,-0.172145,-0.179688,-0.456299,-0.22479,-0.23728,-0.541936,-0.243705,-0.301382,-0.611551,-0.254936
WHERE,0.0,0.0,0.0,0.101051,-0.167129,-0.004359,0.155408,-0.386258,-0.022268,0.164613,-0.568397,-0.037078,0.161892,-0.692052,-0.05862,0.200938,-0.392292,-0.115827,0.25574,-0.642514,-0.173018,0.269753,-0.812504,-0.203494,0.274624,-0.935111,-0.223942,0.120427,-0.361681,-0.140968,0.106342,-0.631903,-0.207497,0.077465,-0.810907,-0.247711,0.058628,-0.935228,-0.276238,0.026211,-0.313616,-0.158319,-0.018402,-0.541614,-0.227587,-0.071105,-0.680704,-0.269746,-0.110815,-0.787517,-0.294462,-0.079755,-0.269538,-0.169895,-0.168905,-0.416916,-0.233843,-0.225878,-0.516255,-0.264114,-0.262812,-0.602796,-0.27996
WHERE,0.0,0.0,0.0,0.086923,-0.178742,0.003804,0.141163,-0.402677,-0.009132,0.14794,-0.576449,-0.022869,0.147487,-0.706836,-0.043494,0.202664,-0.409671,-0.092312,0.256998,-0.65158,-0.141763,0.274392,-0.813098,-0.170602,0.283458,-0.939726,-0.191224,0.13497,-0.3791,-0.121213,0.123573,-0.642887,-0.175375,0.094234,-0.813349,-0.208514,0.069375,-0.940137,-0.234296,0.042637,-0.34,-0.143596,-0.00549,-0.571626,-0.204792,-0.064387,-0.705549,-0.24104,-0.114569,-0.810183,-0.26335,-0.063907,-0.304446,-0.160754,-0.145365,-0.443553,-0.220059,-0.201305,-0.539434,-0.247419,-0.246632,-0.624142,-0.261984
WHERE,0.0,0.0,0.0,0.101599,-0.181147,0.011112,0.140878,-0.384504,-0.000413,0.123803,-0.54643,-0.017644,0.072189,-0.662069,-0.045093,0.185567,-0.452897,-0.07401,0.203994,-0.682936,-0.118344,0.205018,-0.838571,-0.147007,0.200498,-0.965265,-0.167526,0.111571,-0.412175,-0.107674,0.040426,-0.662568,-0.150916,-0.012252,-0.823291,-0.176699,-0.055286,-0.944804,-0.198479,0.007037,-0.355352,-0.136102,-0.080111,-0.578893,-0.182555,-0.145264,-0.723864,-0.209044,-0.197916,-0.834755,-0.226901,-0.113205,-0.291636,-0.160078,-0.197862,-0.43929,-0.207645,-0.24892,-0.541833,-0.225309,-0.297027,-0.625224,-0.233046
WHERE,0.0,0.0,0.0,0.107987,-0.189842,0.007767,0.148024,-0.392276,-0.007263,0.114406,-0.541436,-0.02479,0.047199,-0.641661,-0.053241,0.174638,-0.440244,-0.094014,0.189518,-0.676855,-0.141766,0.175504,-0.838128,-0.17011,0.157551,-0.969295,-0.188798,0.082155,-0.388871,-0.123091,0.012811,-0.642331,-0.166008,-0.042166,-0.812811,-0.19103,-0.079662,-0.943262,-0.214043,-0.025868,-0.331155,-0.145491,-0.11816,-0.559157,-0.185521,-0.17839,-0.706551,-0.209916,-0.219322,-0.819382,-0.228536,-0.139495,-0.27481,-0.163702,-0.223672,-0.43691,-0.200984,-0.271904,-0.542944,-0.214005,-0.307258,-0.62803,-0.220856
WHERE,0.0,0.0,0.0,0.099962,-0.176445,0.008911,0.144717,-0.399478,-0.004804,0.134413,-0.577192,-0.020431,0.106674,-0.701569,-0.04302,0.191739,-0.422171,-0.083765,0.232977,-0.670781,-0.135205,0.235729,-0.833928,-0.164976,0.226287,-0.956525,-0.183996,0.121587,-0.397941,-0.115708,0.096281,-0.662997,-0.168389,0.057064,-0.824353,-0.201592,0.024825,-0.945146,-0.226068,0.03089,-0.356253,-0.140814,-0.032006,-0.576676,-0.19809,-0.097321,-0.700343,-0.232008,-0.15041,-0.80234,-0.252844,-0.074833,-0.311844,-0.16043,-0.168393,-0.438634,-0.212526,-0.229892,-0.526725,-0.233282,-0.277757,-0.609198,-0.243502
WHERE,0.0,0.0,0.0,0.098265,-0.162723,-0.008356,0.159924,-0.382427,-0.029843,0.17336,-0.571294,-0.046365,0.182551,-0.695047,-0.070237,0.212755,-0.375178,-0.135473,0.264896,-0.632443,-0.201719,0.271989,-0.803986,-0.238272,0.267951,-0.927346,-0.261211,0.13917,-0.330972,-0.160275,0.138059,-0.595544,-0.231343,0.106086,-0.781428,-0.271156,0.078479,-0.91454,-0.299844,0.048221,-0.2757,-0.176715,0.004556,-0.498783,-0.248415,-0.049837,-0.645262,-0.286689,-0.089655,-0.760983,-0.310318,-0.057472,-0.239854,-0.187824,-0.152619,-0.394206,-0.253268,-0.213774,-0.494905,-0.2793,-0.249121,-0.579071,-0.293081
WHERE,0.0,0.0,0.0,0.074126,-0.210872,-0.012314,0.11453,-0.436688,-0.042898,0.123769,-0.617072,-0.077009,0.108824,-0.762658,-0.120112,0.177767,-0.459719,-0.10978,0.18614,-0.667758,-0.187902,0.188063,-0.81704,-0.247997,0.186875,-0.938746,-0.289542,0.128168,-0.408516,-0.144501,0.08911,-0.640595,-0.213636,0.043782,-0.801586,-0.259385,-0.006144,-0.926811,-0.296508,0.040977,-0.335416,-0.17627,-0.020283,-0.55083,-0.248611,-0.093317,-0.692271,-0.280159,-0.164156,-0.799841,-0.301262,-0.077143,-0.253612,-0.205508,-0.152837,-0.404521,-0.278667,-0.216269,-0.510302,-0.302867,-0.283546,-0.597017,-0.314785
WHERE,0.0,0.0,0.0,0.10561,-0.180411,-0.028647,0.17338,-0.409554,-0.063027,0.199827,-0.595713,-0.090436,0.205825,-0.737333,-0.12769,0.165184,-0.401171,-0.155226,0.169828,-0.652425,-0.22496,0.142794,-0.82118,-0.26763,0.112298,-0.948689,-0.295598,0.071246,-0.325216,-0.176394,0.007897,-0.582536,-0.25533,-0.061521,-0.761118,-0.300668,-0.111125,-0.89539,-0.335461,-0.039784,-0.256824,-0.190239,-0.134431,-0.488502,-0.26212,-0.204381,-0.652541,-0.290578,-0.248576,-0.774924,-0.309003,-0.154596,-0.204533,-0.200872,-0.237957,-0.39099,-0.259617,-0.287917,-0.509248,-0.273363,-0.320605,-0.604313,-0.279667
WHERE,0.0,0.0,0.0,0.072083,-0.191619,-0.017847,0.101847,-0.426898,-0.051098,0.093403,-0.619484,-0.085186,0.050656,-0.763525,-0.127818,0.163015,-0.462052,-0.119303,0.157399,-0.680265,-0.193389,0.142421,-0.830048,-0.24744,0.123655,-0.950704,-0.284379,0.118069,-0.414777,-0.147923,0.061744,-0.653961,-0.209967,-0.00608,-0.810747,-0.245479,-0.072236,-0.926522,-0.276431,0.034977,-0.347929,-0.173853,-0.038163,-0.565861,-0.236548,-0.123891,-0.699444,-0.260861,-0.201975,-0.791263,-0.27897,-0.079504,-0.27418,-0.198179,-0.162927,-0.424031,-0.25972,-0.235704,-0.521253,-0.279378,-0.310992,-0.595729,-0.290205
WHERE,0.0,0.0,0.0,0.079119,-0.184741,0.001028,0.141342,-0.385535,-0.024201,0.159465,-0.553776,-0.046777,0.158876,-0.679738,-0.078796,0.201741,-0.368884,-0.146846,0.250208,-0.632021,-0.214751,0.25893,-0.801742,-0.253896,0.25745,-0.92479,-0.28015,0.128194,-0.328701,-0.181768,0.126299,-0.592867,-0.256664,0.100325,-0.778857,-0.303475,0.075428,-0.912879,-0.339419,0.036485,-0.271147,-0.205595,-0.013506,-0.493775,-0.282771,-0.071545,-0.644024,-0.327356,-0.117406,-0.758296,-0.356843,-0.068286,-0.227384,-0.22241,-0.168473,-0.370396,-0.293141,-0.234069,-0.470034,-0.320246,-0.277461,-0.549244,-0.336182
WHERE,0.0,0.0,0.0,0.063044,-0.189705,-0.012985,0.117327,-0.408149,-0.041213,0.135929,-0.576073,-0.070664,0.137877,-0.710534,-0.106465,0.211102,-0.415319,-0.104157,0.262407,-0.637242,-0.175962,0.278712,-0.794183,-0.228224,0.27567,-0.92428,-0.264032,0.167539,-0.376025,-0.138283,0.165863,-0.617981,-0.211034,0.128658,-0.790271,-0.256161,0.081887,-0.932933,-0.288952,0.085225,-0.324624,-0.169533,0.04938,-0.537633,-0.246767,-0.016389,-0.685917,-0.288084,-0.079981,-0.810775,-0.313879,-0.022156,-0.27496,-0.197828,-0.099957,-0.39729,-0.27205,-0.16631,-0.501492,-0.302054,-0.227819,-0.600852,-0.318293
WHERE,0.0,0.0,0.0,0.108551,-0.18523,0.003272,0.146316,-0.398214,-0.013797,0.119527,-0.561212,-0.034063,0.071577,-0.672484,-0.063712,0.188455,-0.429302,-0.093592,0.205735,-0.669026,-0.14712,0.196889,-0.830806,-0.181548,0.184187,-0.961345,-0.204672,0.107894,-0.377137,-0.125777,0.051709,-0.628616,-0.175873,0.000907,-0.800487,-0.206313,-0.040087,-0.930808,-0.232618,0.003516,-0.3175,-0.15261,-0.074493,-0.553076,-0.205209,-0.141494,-0.699787,-0.235547,-0.194247,-0.807881,-0.256342,-0.112091,-0.260044,-0.175407,-0.195299,-0.412215,-0.225969,-0.244015,-0.515255,-0.246066,-0.286621,-0.595638,-0.256872
WHERE,0.0,0.0,0.0,0.117097,-0.189315,0.013492,0.158951,-0.400157,-0.001629,0.12857,-0.56254,-0.021973,0.063581,-0.673401,-0.052337,0.189073,-0.441272,-0.080077,0.204162,-0.684995,-0.129612,0.18381,-0.845905,-0.160489,0.157727,-0.970931,-0.180042,0.099897,-0.384315,-0.11375,0.024042,-0.638206,-0.157459,-0.036417,-0.804338,-0.183381,-0.082331,-0.929086,-0.207512,-0.00811,-0.324305,-0.141597,-0.102778,-0.559943,-0.185968,-0.171413,-0.700658,-0.208475,-0.219311,-0.806093,-0.224539,-0.119224,-0.267652,-0.1647,-0.201596,-0.436436,-0.203187,-0.250197,-0.535457,-0.213389,-0.287768,-0.615298,-0.217919
WHERE,0.0,0.0,0.0,0.104721,-0.166928,0.004742,0.149534,-0.380888,-0.011286,0.131536,-0.552566,-0.027911,0.089094,-0.667249,-0.053042,0.18773,-0.414694,-0.098162,0.209004,-0.673415,-0.153912,0.201621,-0.840157,-0.185294,0.184009,-0.961459,-0.204299,0.110472,-0.388392,-0.130088,0.073766,-0.650353,-0.187034,0.030259,-0.813839,-0.22033,-0.006325,-0.935761,-0.243781,0.013365,-0.342604,-0.15513,-0.061598,-0.560616,-0.217437,-0.127254,-0.694001,-0.253684,-0.179819,-0.800178,-0.275094,-0.096129,-0.295034,-0.174448,-0.195611,-0.429865,-0.232381,-0.256583,-0.521514,-0.255267,-0.303879,-0.600227,-0.266172
